,fslistno,fskname,fsinhabit,fsguide,fslifetime,imgfilename1,imgfilename2
0,1,가래나무,깊은 산속,쌍떡잎식물 가래나무목 : 가래나무과의 낙엽활엽 교목,"높이가 20m 정도이며 나무껍질은 암회색이며 세로로 터진다. 잎은 홀수 깃꼴겹잎이며 작은잎은 7~17개이며, 긴 타원형으로 길이 7~28cm, 나비 10cm 정도이다. 잔톱니가 있고  앞면은 잔 털이 있으나 점차 없어지고, 뒷면은 털이 있거나 없는 것도 있으며 잎맥 위에 선모가 있다. 
꽃은 단성화로서 4월에 피는데, 수꽃이삭은 길이 10~20cm 이고, 수술은 12~14개이며 암꽃이삭에 4~10개의 꽃이 핀다. 열매는 핵과로서 달걀 모양 원형이고, 길이가 4~8cm이며 9월에 익는다. 외과피에는 선모가 빽빽이 나고, 내과피는 흑갈색인데 매우 굳으며 양 끝이 뾰족하다. 한국(중부 이북) · 중국 북동부 시베리아(아무르 · 우수리)등지에 분포한다.",http://www.forest.go.kr/images/data/down/story/mok2-2.jpg,http://www.forest.go.kr/images/data/down/story/mok1-2.jpg
1,10,광대싸리,"산기슭 중턱, 볕이 잘 드는 강가",쌍떡잎식물 쥐손이풀목 : 대극과의 낙엽 관목,"높이 3~4m의 관목이지만 10m까지 자라는 것도 있다. 가지는 끝이 밑으로 처지고 갈색이다. 잎은 어긋나고 막질이며 타원형이다. 잎은 길이 2~6cm, 나비 12~25mm로서 양면에 털이 없고 앞면은 짙은 녹색이며 뒷면은 흰빛이 돈다. 잎자루는 길이 3~7mm이고 턱잎은 1mm정도로 곧 떨어진다. 
꽃은 단성화로 6~7월 에 노랗게 피는데 수꽃은 잎겨드랑이에 붙고 꽃받침과 수술이 각각 5개씩이다. 암꽃은 잎겨드랑이에 보통 2~5개씩 붙는다. 씨방은 3실이고 암술머리는 3개이며 암술대는 1개이다. 열매는 삭과로서 3줄의 홈이 있으며 9~10월에 익는데 3조각으로 갈라져서 6개의 씨가 나온다. 한국 · 일본 · 타이완 등지에 분포한다.",http://www.forest.go.kr/images/data/down/story/mok2-20.jpg,http://www.forest.go.kr/images/data/down/story/mok1-20.jpg
2,100,회양목,산지의 석회암지대,쌍떡잎식물 무환자나무목 : 회양목과의 상록관목,높이 20m에 달하고 나무껍질에 연한 회색으로 코르크가 발달하여 깊은 홈이 진다. 잎은 마주 달리고 홀수깃꼴겹잎이다. 꽃은 6월에 피고 원추꽃차례로 달리며 2가화이다. 열매는 핵과로 7~10월에 둥글고 검게 익으며 겨울에도 달려 있다. 한국 · 일본 · 중국 · 아무르 등지에 분포한다.,http://www.forest.go.kr/images/data/down/story/mok1-202.jpg,http://www.forest.go.kr/images/data/down/story/mok2-202.jpg
3,101,회화나무,산지 ,쌍떡잎식물 장미목 : 콩과 낙엽교목,"높이 25m에 달하며 가지가 퍼지고 작은가지는 녹색이며 자르면 냄새가 난다. 잎은 어긋나고 1회 깃꼴겹잎이며 작은잎은 7~17개씩이고 달걀 모양 또는 달걀 모양의 타원형이며, 뒷면에는 작은잎자루와 더불어 누운털이 있다.   
꽃은 8월에 연한 황색으로 피고 원추꽃차례로 달린다. 꼬투리는 길이 5~8cm이고 종자가 들어 있는 사이가 잘룩하게 들어가며 밑으로 처진다. 한국 · 일본 · 중국에 분포한다.",http://www.forest.go.kr/images/data/down/story/mok1-204.jpg,http://www.forest.go.kr/images/data/down/story/mok2-204.jpg
4,102,갈대,"습지나 갯가, 호수 주변모래땅",외떡잎식물 화본목 : 화본과의 여러해살이풀,"습지나 갯가, 호수 주변의 모래땅에 군락을 이루고 자란다. 뿌리줄기의 마디에서 많은 황색의 수염뿌리가 난다. 줄기는 마디가 있고 속이 비었으며, 높이는 3m정도이다. 잎은 가늘고 긴 바소꼴이며 끝이 뾰족하다. 잎집은 줄기를 둘러싸고 털이 있다. 꽃은 8~9월에 피고, 수많은 작은 꽃 이삭이 줄기 끝에 원추꽃차례로 달리며, 처음에는 자주색이나 담백색으로 변한다. 
포영은 호영보다 짧고 3맥이 있으며, 첫째 작은 꽃은 수꽃이다, 양성소화의 호영은 안쪽으로 말려서 끝이 까락처럼 되고, 수술은 3개이며 꽃밥은 2mm정도이다. 열매는 영과이고 종자에 갓털이 있어 바람에 쉽게 날려 멀리 퍼지며, 번식은 종자와 땅속 줄기로 잘 된다.",http://www.forest.go.kr/images/data/down/story/cho1-208.jpg,http://www.forest.go.kr/images/data/down/story/cho2-208.jpg
5,103,개망초,"길가, 빈터",쌍떡잎식물 초롱꽃목 : 국화과의 두해살이풀 ,"높이는 30~100cm로 풀 전체에 털이 나며 가지를 많이 친다. 뿌리에 달린 잎은 꽃이 필 때 시들고 긴 잎자루가 있으며 달걀 모양이고 가장자리에 뾰족한 톱니가 있다. 줄기에 달린 잎은 어긋나고 밑은 달걀 모양 또는 달걀 모양 바소꼴로 길이 4~15cm, 나비 1.5~3cm이다. 
잎 양면에 털이 나고 드문드문 톱니가 있으며 잎자루에는 날개가 있다. 줄기 윗부분의 잎은 좁은 달걀 모양 또는 바소꼴로 톱니가 있고 가장자리와 뒷면 맥 위에도 털이 있다. 6~9월에 흰색 또는 연한 자줏빛 두상화가를 이루며, 가지 끝과 줄기 끝에 가지런하게 달린다. 총포는 반구형으로 줄 모양 바소꼴이고 긴 털이 난다. 화관은 혀 모양으로 길이 7~8mm, 나비 1mm정도이다. 열매는 수과로 8~9월에 익는다. 전국에 분포한다. ",http://www.forest.go.kr/images/data/down/story/cho1-210.jpg,http://www.forest.go.kr/images/data/down/story/cho2-210.jpg
6,104,너도바람꽃,산지의 반그늘,쌍떡잎식물 이판화군 : 미나리아재비목,"덩이줄기는 공 모양이고 수염뿌리가 많이 있다. 줄기는 연약하고 곧게 서며 높이는 15cm정도이다. 뿌리잎은 긴 잎자루가 있고 3갈래로 깊게 갈라지며, 갈라진 조각은 줄 모양이다. 줄기 끝에 있는 총포잎은 대가 없고 갈라진 조각은 고르지 못한 줄 모양이다. 4월에 포엽 가운데에서 길이 1cm정도의 꽃대가 나와 곧게 서며 그 끝에 흰색꽃이 한송이씩 달린다. 꽃의 지름은 2cm정도이고 꽃받침조각은 5개이며 달걀모양이고 꽃잎은 2개로 갈라진 노란색 꿀샘으로 되어 있고 수술이 많다. 열매는 골돌과로 6월에 성숙하며 2~3개로 반달 모양이다. 종자는 갈색이고 둥글며 밋밋한 편이다. 강원도 · 평안북도 · 함경북도 등지에 분포한다.",http://www.forest.go.kr/images/data/down/story/cho1-213.jpg,http://www.forest.go.kr/images/data/down/story/cho2-213.jpg
7,105,개별꽃,"습지나 갯가, 호수 주변모래땅 ",외떡잎식물 화본목 : 화본과의 여러해살이풀 ,"높이 10~15cm로 사각뿔 모양의 덩이뿌리는 살쪘고 1~2개씩 붙는다. 줄기는 1~2개씩 나오고 흰 털이 나며 잎은 마주나고 길이 10~40mm, 나비 2~4mm이다. 위쪽의 잎은 점차 작아지고 바소꼴이며, 아래쪽의 잎은 좁아져서 잎자루처럼 된다. 5월에 잎겨드랑이에서 꽃대가 나와 1개의 흰색꽃이 달린다. 
꽃받침은 5개이고 꽃잎도 5개로서 달걀을 거꾸로 세워 놓은 모양이며 길이 6mm정도이다. 수술은 10개이고 꽃밥은 노란색이며 암술대는 3갈래로 갈라지며 열매는 삭과로서 둥근 달걀 모양이고 6~7월에 익으며 3갈래로 갈라진다. 자에는 작은 돌기가 빽빽이 난다. 한국 · 일본 · 중국 등지에 분포한다.",http://www.forest.go.kr/images/data/down/story/cho1-214.jpg,http://www.forest.go.kr/images/data/down/story/cho2-214.jpg
8,106,개쑥갓,산과 들    ,쌍떡잎식물 초롱꽃목 : 국화과의 한해살이풀 또는 두해살이풀,"높이 10~40cm이며, 줄기는 붉은 자줏빛을 띠고 곧게 서거나 비스듬히 눕는다. 잎은 어긋나고 불규칙하게 깃꼴로 갈라지며, 그 조각은 부드럽고 털이 없거나 약간 나고 불규칙한 톱니가 있다. 밑쪽의 잎은 잎자루가 있고 위쪽의 잎은 길이 3~5cm, 나비 1~2.5cm로 잎자루가 없으며 밑쪽이 약간 줄기를 감싼다.
꽃은 봄부터 가을까지 노란색으로 피고, 두화는 줄기와 가지 끝에 산방상으로 달린다. 보통 통 모양이지만 때로 혀 모양의 꽃도 있으며 화관은 5개로 갈라지고 암술머리에 젖꼭지 모양의 돌기가 있고, 총포는 원기둥 모양이며 끝이 좁아지며 길이 약 7mm이고, 끝부분에는 작은 포가 있다. 
씨방에는 털이 약간 나며, 열매는 수과로 원기둥 모양이며 길이 1.5~2.5mm이고 약간 흰색이며 관모 역시 희다. 한국 전 지역에 분포한다.",http://www.forest.go.kr/images/data/down/story/cho1-216.jpg,http://www.forest.go.kr/images/data/down/story/cho2-216.jpg
9,107,광대나물,"풀밭, 습한 길가",쌍떡잎식물 통화식물목 : 꿀풀과의 두해살이풀 ,"높이 30cm정도로 줄기는 모가 나고 가지를 치며 비스듬히 눕기도 한다. 잎은 길이 5~10cm, 나비 3~8cm로서 마주나며 아래쪽 잎은 잎자루가 길고 둥글다. 위쪽 잎은 잎자루가 없고 양쪽에서 줄기를 완전히 둘러싸며 잎 앞면과 뒷면 맥 위에 털이 나고 가장자리에 톱니가 있으며 4~5월에 붉은 자줏빛 꽃이 잎겨드랑이에 여러개씩 돌련난 것처럼 핀다.
꽃받침은 끝이 5mm정도이고 5갈래로 갈라지며 잔털이 있고 화관은 대롱 부위가 길고 아랫입술꽃잎이 3갈래로 갈라지며 윗입술꽃잎은 앞으로 약간 굽는다. 4개의 수술 중 2개는 길고 닫힌 꽃도 흔히 생긴다. 열매는 분과로 3개의 능선이 있는 달걀 모양이며 전체에 흰 반점이 있고 7~8월에 익는다. 한국 · 중국 · 일본 · 타이완 · 북아메리카 등지에 분포한다.",http://www.forest.go.kr/images/data/down/story/cho1-218.jpg,http://www.forest.go.kr/images/data/down/story/cho2-218.jpg
10,108,괭이눈,산과 들의 습지,쌍떡잎식물 장미목 : 범의귀과의 여러해살이풀,"줄기는 땅 위로 벋고 마디에서 뿌리를 내리며 꽃줄기는 곧게 서고 털이 없으며 높이는 5~20cm이다. 잎은 길이 5~20mm, 나비 5~18mm로 꽃줄기에 2장씩 마주나는데 잎자루는 짧고 달걀 모양이며 안으로 굽은 톱니가 있다. 4~5월에 연한 노란빛을 띤 녹색의 작은꽃이 피며 꽃 둘레의 잎은 연한 노란색이다.
꽃받침잎은 곧추서고 둥글며 수술은 4개이다. 꽃 밥은 노란색이고 열매는 삭과로서 2개로 깊게 갈라지고 갈라진 조각은 크기가 서로 다르며, 끝에 1개의 봉합선이 있다. 종자는 다갈색에 윤기가 돌며 전체에 젖꼭지 모양의 돌기가 있다. 한국 · 중국 · 쿠릴열도(남부) · 일본 등지에 분포한다.",http://www.forest.go.kr/images/data/down/story/cho1-220.jpg,http://www.forest.go.kr/images/data/down/story/cho2-220.jpg
11,109,구슬붕이,양지바른 들,쌍떡잎식물 용담목 : 용담과의 두해살이풀,"줄기는 높이 5~10cm로 밑에서 가지가 갈라진다. 뿌리에서 난 잎은 큰 달걀 모양 마름모꼴이고, 장미꽃 모양으로 난다. 길이 1~4cm, 나비 5~12mm로 가장자리가 두껍고 끝이 까끄라기처럼 뾰족하며 줄기에서 난 잎은 마주나고 작으며 밑부분이 합쳐져 앞집을 이루며 줄기를 싸고 있다.
5~6월에 종 모양의 연한 자주색 꽃이 줄기 끝에 피고 꽃자루는 짧고 꽃받침통은 길이 4~6mm이다. 화관통은 꽃받침보다 2배 정도 길며 열매는 삭과로 긴 대가 있고 화관 밖으로 나오며 가을에 익으며 종자는 방추형으로 편평하고 매끄럽다. 한국 · 일본 · 동아시아 등지에 분포한다.",http://www.forest.go.kr/images/data/down/story/cho1-222.jpg,http://www.forest.go.kr/images/data/down/story/cho2-222.jpg
12,11,국수나무,산지        ,쌍떡잎식물 장미목 장미과의 : 장미과의 낙엽활엽 관목,"높이는 1~2m이고 가지 끝이 밑으로 처지며, 잔가지는 둥글고 잔털 또는 선모가 있다. 턱잎은 달걀 모양 또는 넓은 바소꼴이다. 잎은 길이 2~5cm로 어긋나고 세모진 넓은 달걀 모양이며 끝이 뾰죽하다. 표면에는 털이 없거나 잔털이 있고 뒷면 맥 위에 털이 있으며 잎자루의 길이는 3~10cm이다. 
5~6월에 지름 4~5mm의 연한 노란색 꽃이 새가지 끝에 원추꽃차례로 달린다. 꽃받침잎은 끝이 날카롭다. ？잎은 5개이고 수술은 10개로 꽃잎보다 짧으며 열매는 둥글거나 달걀 모양이고 잔털이 많으며 8~9월에 익는다. 한국(함경북도 제외) · 일본 · 중국 등지에 분포한다.",http://www.forest.go.kr/images/data/down/story/mok2-22.jpg,http://www.forest.go.kr/images/data/down/story/mok1-22.jpg
13,110,구절초,산기？ 풀밭,쌍떡잎식물 초롱꽃목 : 국화과의 여러해살이풀        ,"높이 50cm 정도로 땅속 줄기가 옆으로 길게 벋으면서 번식한다. 모양이 산구절초와 비슷하며 뿌리에 달린 잎과 밑 부분의 잎은 1회 깃꼴로 갈라진다. 잎은 달걀 모양으로 밑 부분이 편평하거나 심장 모양이며 윗부분 가장자리는 날개처럼 갈라진다.
9~11월에 줄기 끝에 지름이 4~6cm의 연한 홍색 또는 흰색 두상화가 한 송이씩 핀다. 총포조각은 긴 타원형으로 갈색이다. 열매는 수과로 씨는 10월에 익는다. 꽃을 술에 담가 먹는다. 한국 · 일본 · 중국 · 시베리아 등지에 분포한다.",http://www.forest.go.kr/images/data/down/story/cho1-224.jpg,http://www.forest.go.kr/images/data/down/story/cho2-224.jpg
14,111,금낭화,"산지의 돌무덤, 계곡",쌍떡잎식물 양귀비목 : 현호색과이 여러해살이풀,"높이 40~50cm이다. 전체가 흰빛이 도는 녹색이고 줄기는 연약하며 곧게 서고 가지를 친다. 잎은 어긋나고 잎자루가 길며 3개씩 2회 깃꼴로 갈라진다. 갈라진 조각은 달걀을 거꾸로 세웅 모양이다. 꽃은 5~6월에 담홍색으로 피는데, 총상꽃차례로 줄기 끝에 주렁주렁 달린다. 화관은 볼록한 주머니 모양이다. 
꽃잎은 4개가 모여서 편평한 심장형으로 되고 바깥 꽃잎 2개는 밑 부분이 꿀주머니로 되며 안쪽 꽃잎 2개가 합쳐져서 관 모양의 돌기가 된다. 꽃받침잎은 2개로 가늘고 작은 비닐 모양이며 일찍 떨어지며 수술은 6개이고 양체로 갈라지며 암술은 1개이다. 열매는 긴 타원형의 삭과이다. 한국에는 설악산 지역에 분포한다. ",http://www.forest.go.kr/images/data/down/story/cho1-226.jpg,http://www.forest.go.kr/images/data/down/story/cho2-226.jpg
15,112,기린초,산지의 바위 곁,쌍떡잎식물 이판화군 : 장미목돌나물과의 여러살이풀,"높이는 5~30cm이며, 뿌리 줄기는 매우 굵고 원줄기의 한군데에서 줄기가 뭉쳐나며 원기둥 모양이다. 잎은 어긋나고 거꾸로 선 달걀 모양 또는 긴 타원 모양으로 톱니가 있으며 잎자루는 거의 없고 육질이다. 6~7월에 노란 꽃이 취산꽃차례로 꼭대기에 많이 핀다.
꽃잎은 바소꼴로 5개이며 끝이 뾰족하다. 꽃받침은 바소꼴의 줄 모양으로 5개이고 녹색이며 수술은 10개이고 암술은 5개이다. 한국(경기 · 함남) · 일본 · 사할린 · 쿠릴 · 캄차카 · 아무르 · 중국 등지에 분포한다.",http://www.forest.go.kr/images/data/down/story/cho1-228.jpg,http://www.forest.go.kr/images/data/down/story/cho2-228.jpg
16,113,까마중,"밭, 길가",쌍떡잎식물 통화식물목 : 가지과의 한해살이풀,"높이 20~90cm로 줄기는 약간 모가 나고 가지가 옆으로 많이 퍼진다. 잎은 어긋나고 달걀모양이며 길이 6~10cm, 나비 4~6cm이고 가장자리에 물결 모양의 톱니가 있거나 밋밋하고 긴 잎자루가 있다. 
꽃은 5~9월에 흰색으로 피는데 잎과 잎 사이의 줄기에서 나온 긴 꽃자루에 3~8개의 꽃이 산형꽃차례로 달린다. 꽃받침과 화관은 각각5개로 갈라지며 암술 1개와 수술 5개가 있다. 열매는 장과로 둥글며 7월부터 검게 익는데 단맛이 나지만 약간 독성이 있다. 한국을 비롯한 전 세계의 온대와 열대에 널리 분포한다.",http://www.forest.go.kr/images/data/down/story/cho1-230.jpg,http://www.forest.go.kr/images/data/down/story/cho2-230.jpg
17,114,큰까치수영,낮은 지대의  약간 습한 풀밭,쌍떡잎식물 앵초목 : 앵초과의 여러해살이풀,"높이 50~100cm이다. 땅속 줄기가 퍼지고 풀 전체에 잔털이 나며 줄기는 붉은빛이 도는 원기둥 모양이고 가지를 친다. 잎은 어긋나고 줄 모양 긴 타원형이며 길이 6~10cm, 나비 8~15cm로 톱니가 없고 차즘 좁아져 밑쪽이 잎자루처럼 되나 잎자루는 없으며 겉에 털이 난다. 
 6~8월에 흰색 꽃이 5~12개 줄기 끝에서 산형꽃차례로 피는데 꽃차례는 꼬리모양이고 꽃 지름은 7~12mm이다. 작은 꽃자루는 길이 4~7mm이며 포는 줄 모양이며 꽃받침 잎은 달걀 모양 타원형이고 씨방은 1개이다. 열매는 삭과로 둥근 모양이고 9월에 붉은 갈색으로 익는다. 한국 전역에 분포한다.",http://www.forest.go.kr/images/data/down/story/cho1-232.jpg,http://www.forest.go.kr/images/data/down/story/cho2-232.jpg
18,115,깽깽이풀,산중턱 아래의 골짜기,쌍떡잎식물 미나리아재비목 : 매자나무과의 여러해살이풀,"높이 약 25cm로 원줄기가 없고 뿌리줄기는 짧고 옆으로 자라며 잔뿌리가 달린다. 잎은 둥근 홑잎이고 연꽃잎을 축소하여 놓은 모양으로 여러 개가 밑동에서 모여 나며 잎자루의 길이는 20cm정도이다. 잎의 끝은 오목하게 들어가고 가장자리가 물결 모양이며 지름과 길이 모두 9cm정도이다.  
4~5월에 밑동에서 잎보다 먼저 1~2개의 꽃줄기가 나오고 그 끝에 자줏빛을 띤 붉은꽃이 1송이씩 핀다. 화관은 지름 2cm정도이고 꽃받침 잎은 4개이며 바소꼴로 꽃잎은 6~8개이고 달걀을 거꾸로 세운 모양이며 수술은 8개, 암술은 1개이다. 넓은 타원형이며 끝이 부리처럼 생겼으며, 종자는 타원형이고 검은빛광택이 난다. 열매는 골돌과이고 8월에 익는다. 한국(경기도 · 강원도 · 평안북도 · 함경남도 · 함경북도) · 중국 등지에 분포한다.",http://www.forest.go.kr/images/data/down/story/cho1-234.jpg,http://www.forest.go.kr/images/data/down/story/cho2-234.jpg
19,116,꼭두서니,산지 숲 가장자리,쌍떡잎식물 꼭두서니목 : 꼭두서니과의 여러해살이 덩굴식물,"길이 약 2m로 뿌리는 굵은 수염뿌리로 노란빛이 도는 붉은색이다. 줄기는 네모나고 가지를 치며 밑을 향한 짧은 가시가 나며 잎은 심장모양 또는 긴 달걀 모양으로 4개씩 돌려나는데, 2개는 정상 잎이고 2개는 턱잎이다. 길이 3~7cm, 나비 1~3cm이고 잎자루가 길다. 7~8월에 연한 노란색 꽃이 잎겨드랑이와 원줄기 끝에 원추꽃차례로 피며 꽃지름은 3.5~4mm이다. 
화관은 심장 모양이고 5갈래이며, 갈라진 조각은 끝이 뾰족한 바소꼴로 끝이 앞으로 굽는다. 수술은 5개이고 씨방에 털이 없다. 열매는 장과로 2개씩 붙어 있고 둥글며 털이 없고 9월에 검게 익는다. 한국 · 일본 · 중국 · 타이완 등지에 분포한다.",http://www.forest.go.kr/images/data/down/story/cho1-236.jpg,http://www.forest.go.kr/images/data/down/story/cho2-236.jpg
20,117,꽃다지,"들, 밭의 양지바른 곳",쌍떡잎식물 양귀비목 : 십자화과의 두해살이풀,"높이 약 20cm로 풀 전체에 짧은 털이 빽빽이 나고 줄기는 곧게 서며 흔히 가지를 친다. 뿌리에 달린 잎은 뭉쳐나서 방석처럼 퍼지는데, 생김새는 주걱 모양의 긴 타원형이다.
줄기에 달린 잎은 어긋나고 긴 타원형이며 가장자리에 톱니가 있으며 4~6월에 노란색 꽃이 줄기 끝에 총상꽃차례를 이루어 피며 꽃받침은 4장이고 타원형이다. 꽃잎은 꽃받침보다 길며 주걱 모양이고 열매는 각과로 긴 타원형이고 전체에 털이 나며 7~8월에 익는다.",http://www.forest.go.kr/images/data/down/story/cho1-238.jpg,http://www.forest.go.kr/images/data/down/story/cho2-238.jpg
21,118,꽃마리,들 · 밭둑 · 길가,쌍떡잎식물 통화식물목 : 지치과의 세해살이풀,"줄기는 높이가 10~30cm이고 전체에 짧은 털이 있으며 밑 부분에서 여러 개로 갈라진다. 뿌리에서 나온 잎은 긴 잎자루가 있고 뭉쳐나며 달갈 모양 또는 타원형이다. 줄기에서 나온 잎은 어긋나고 긴 타원 모양 또는 긴 달걀 모양으로 가장자리가 밋밋하며 잎자루가 없다. 꽃은 4~7월에 연한 하늘색으로 피고 줄기 끝에 총상꽃차례를 이루며 달린다. 꽃차례는 윗부분이 말려 있는데, 태엽처럼 풀리면서 아래쪽에서부터 차례로 꽃이 핀다. 꽃받침은 5개로 갈라지고 갈라진 조각은 삼각형이고 털이 있다.
화관은 지름이 2mm정도이고 5개로 갈라진다. 수술은 5개이며 열매는 4개의 분과로 갈라지는 분열과이고 짧은 자루가 있으며 꽃받침으로 싸여 있으며 분과는 매끄럽고 위가 뾰족하다. 한국 전역 및 아시아의 온대와 난대에 분포한다.",http://www.forest.go.kr/images/data/down/story/cho1-240.jpg,http://www.forest.go.kr/images/data/down/story/cho2-240.jpg
22,119,꽃창포,들의 습지,외떡잎식물 백합목 : 붓꽃과의 여러해살이풀,"줄기는 곧게 서고 높이가 60~120cm이며 여러 개가 모여난다. 뿌리 줄기는 짧고 갈색 섬유에 싸인다. 잎은 어긋나며 가운데 맥이 발달하였다. 꽃은 6~7월에 줄기나 가지 끝에 붉은 빛이 강한 자주색으로 핀다.  
꽃의 밑부분은 잎집 모양의 녹색 포 2개가 둘러싼다. 열매는 삭과이며 긴 타원모양이고 종자는 갈색으로 익는다. 전국적으로 분포한다.",http://www.forest.go.kr/images/data/down/story/cho1-242.jpg,http://www.forest.go.kr/images/data/down/story/cho2-242.jpg
23,12,굴피나무,중부 이남의 산,쌍떡잎식물 가래나무목 : 가래나무과의 낙엽 소교목,"높이 5~20m, 10~50cm 정도로 잎은 홀수깃꼴겹잎이며, 잎자루가 없는 7~19개의 작은잎으로 이루어진다. 작은 잎은 타원형 바소꼴 또는 달걀 모양 바소꼴로 끝이 뾰족하고 가장자리에 골이 깊은 톱니가 있다. 
5~6월에 노란빛을 띤 녹색 꽃이 피면 열매이삭은 긴 타원형이고 검은빛을 띤 갈색이며 털이 없다. 열매는 날개를 가진 견과이고 9~10월에 익는다. 한국(충청남도 이남) · 일본 · 타이완  · 중국 등지에 분포한다.",http://www.forest.go.kr/images/data/down/story/mok2-24.jpg,http://www.forest.go.kr/images/data/down/story/mok1-24.jpg
24,120,꽃향유,산야,쌍떡잎식물 통화식물목 : 꿀풀과의 여러해살이풀  ,"줄기는 뭉쳐나고 네모지며 가지를 많이 치고 흰털이 많으며 높이가 60cm에 달한다. 잎은 마주나고 길이 1.5~7cm의 잎자루를 가지며 달걀모양으로 끝이 뾰족하고 가장자리에 둔한 톱니가 있다. 잎몸의 길이는 1~7cm, 폭은 0.8~4cm이고, 잎 양면에 털이 드문드문 있고 뒷면에 선점이 있어 향기를 낸다. 꽃은 9~10월에 붉은빛이 강한 자주색 또는 보라색으로 피고 줄기와 가지 끝에 빽빽하게 한쪽으로 치우쳐서 이삭으로 달리며 바로 밑에 잎이 있다.
포는 콩팥 모양으로 끝이 갑자기 바늘처럼 뽀죡해지고 자줏빛이 돈다. 화관은 길이가 6mm정도이고 입술 모양으로 갈라지는데, 윗입술꽃잎은 오목하게 들어가고 아랫입술꽃잎은 3개로 갈라진다.꽃받침은 통 모양이고 끝이 5개로 갈라지며 털이 있으며 수술은 4개인데 그 중 2개가 길다. 
열매는 분과이고 좁은 달걀을 거꾸로 세운 모양이며 편평하고 물에 젖으면 끈적거린다. 향유에 비해 꽃이삭이 크다. 제주도 · 전라남도 · 경상북도 · 충청북도 · 경기도 등지에 분포한다. ",http://www.forest.go.kr/images/data/down/story/cho1-244.jpg,http://www.forest.go.kr/images/data/down/story/cho2-244.jpg
25,121,꿀풀,산기슭의 볕이 잘 드는 풀밭,쌍떡잎식물 통화식물목 : 꿀풀과의 여러해살이풀   ,"전체에 짧은 흰 털이 흩어져 나며 줄기는 네모지고 다소 뭉쳐나며 곧게 서고 높이가 30cm정도이고, 밑 부분에서 가는 줄기가 나와 벋는다. 잎은 마주나고 잎자루가 있으며 긴 달걀 모양 또는 긴 타원 모양의 바소꼴로 길이가 2~5cm이고 가장자리는 밋밋하거나 톱니가 있다. 
꽃은 7~8월에 자줏빛으로 피고 줄기 끝에 길이 3~8cm의 원기둥 모양 수상꽃차례를 이룬다. 포는 가장자리에 털이 있으며, 각각 3개의 꽃이 달린다. 꽃받침은 뾰족하게 5갈래로 갈라지고 길이가 7~8mm이며 겉에 잔털이 있다. 화관은 길이가 2cm로 입술 모양인데, 윗 입술잎은 곧게서고 아랫입술꽃잎은 3갈래로 갈라진다. 
꽃은 양성화인데 수꽃이 퇴화된 꽃은 크기가 작고 수술은 4개 중 2개가 길며, 열매는 분과이고 길이 1.6mm정도의 황갈색이다.",http://www.forest.go.kr/images/data/down/story/cho1-246.jpg,http://www.forest.go.kr/images/data/down/story/cho2-246.jpg
26,122,꿩의비름,산지의 햇볕이 잘 드는 곳,쌍떡잎식물 장미목 : 돌나물과의 여러해살이풀,"줄기는 둥글고 분처럼 흰빛을 띠며 곧게 서고 높이가 30cm정도이다. 잎은 마주나거나 어긋나고 타원 모양이나 긴 타원 모양의 달걀 모양이며 길이가 6~10cm, 폭이 3~4cm이고 육질이다. 잎의 가장자리에 둔한 톱니가 있고, 잎의 밑 부분이 좁아져서 짧은 잎자루와 모양이 연결된다.
 줄기 윗부분에 있는 잎에는 잎자루가 없다. 꽃은 8~10월에 피는데, 줄기 끝에서 산방꽃차례 모양의 취산꽃차례를 이루며 많은 꽃이 달린다. 꽃은 매우 작고 흰 바탕에 약간 붉은빛이 돈다. 꽃잎은 5개이고 바소꼴이며 길이가 6~7mm로 꽃받침조각보다 3~4배가 길다. 꽃받침조각은 5개이고 연한 녹색의 긴 삼각형이다. 수술과 암술은 각각 5개이며, 열매는 골돌과이다. 한국(전북 · 충북 · 경기 · 평북) · 일본 등지에 분포한다.",http://www.forest.go.kr/images/data/down/story/cho1-248.jpg,http://www.forest.go.kr/images/data/down/story/cho2-248.jpg
27,123,노루오줌,산지의 냇가나 습한 곳,쌍떡잎식물 장미목 : 범위귀과의 여러해살이풀,높이 30~70cm로 뿌리줄기는 굵고 옆으로 짧게 벋으면 줄기는 곧게 서고 갈색의 긴 털이 난다. ？은 어긋나고 잎자루가 길며 2~3회 3장의 작은잎이 나오며 긴 달걀 모양 또는 달걀모양 긴 타원형이고 길이 2~8cm이다. 끝은 뾰족하며 밑은 뭉뚝하거나 심장 모양이고 때로 가장자리에 톱니가 있다. 꽃은 7~8월에 붉은빛을 띤 자주색으로 피며 열매는 삭과로 9~10월에 익으며 끝이 2개로 갈라지며 길이 3~4mm이다. 한국 · 일본 · 중국 · 헤이룽강에 분포한다.,http://www.forest.go.kr/images/data/down/story/cho1-250.jpg,http://www.forest.go.kr/images/data/down/story/cho2-250.jpg
28,124,미국가막사리,길가나 풀숲,쌍떡잎식물 초롱꽃목 : 국화과의 한해살이풀,"줄기는 검은 자줏빛이 돌고 횡단면이 사각형이며 털이 없고 높이가 1m이다. 잎은 마주나고 깃꼴겹잎이며, 가장자리에 톱니가 있고 잎자루가 없다. 꽃은 9~10월에 피고 갈라진 가지 끝에 두상화를 이루며 달리고 전체가 원추꽃차례를 이룬다. 두상화에 있는 설상화는 노란색이고 가장자리에 있는 것은 넓고 안쪽에 있는 것은 좁다. ",http://www.forest.go.kr/images/data/down/story/cho1-251.jpg,http://www.forest.go.kr/images/data/down/story/cho2-251.jpg
29,125,닭의장풀,길가나 냇가의 습지,외떡잎식물 분질배유목 : 닭의장풀과의 항해살이풀,"줄기 밑 부분은 옆으로 비스듬히 자라며 땅을 기고 마디에서 뿌리를 내리며 많은 가지가 갈라진다. 줄기 윗부분은 곧게 서고 높이가 15~50cm이며 잎은 어긋나고 달걀 모양의 바소꼴이며 길이가 5~7cm, 폭이 1~2.5cm이다. 일 끝은 점점 뾰족해지고 밑 부분은 막질의 잎집으로 된다. 꽃은 7~8월에 하늘색으로 피고 잎겨드랑이에서 나온 꽃 줄기 끝의 포에 싸여 취산꽃차례를 이루며 달린다.
포는 넓은 심장 모양이고 안으로 접히며 끝이 갑자기 뾰족해지고 길이가 2cm정도이다. 꽃받침조각은 3개이고 타원 모양이며 길이가 4mm이다. 꽃잎은 3개인데, 그 중 2개는 크고 둥글며 하늘색이고 나머지 하나는 바소 모양이고 흰색이며 작다. 3개의 수술과 꽃밥이 없는 3개의 헛수술이 있고 암술은 1개이다. 열매는 타원 모양의 삭과이고 마르면 3개로 갈라진다. 한국 · 일본 · 중국 · 우수리강 유역 · 사할린 · 북아메리카 등지에 분포한다.",http://www.forest.go.kr/images/data/down/story/cho1-252.jpg,http://www.forest.go.kr/images/data/down/story/cho2-252.jpg
30,126,둥글레,산과 들   ,외떡잎식물 백합목 : 백합과의 여러해살이풀      ,"높이 30~60cm로 굵고 긴 마디가 있고 수염뿌리가 많다. 줄기는 곧은데 위쪽이 다소 비스듬히 기울어 모가 나고 높이 15cm 내외이다. 잎은 어긋나며 잎자루가 매우 짧고 달걀꼴 또는 긴 타원형이며 뒷면이 분처럼 희고, 다소 위를 향하며 길이 5~8cm내외이다. 
꽃은 6~7월에 1~2개씩 잎겨드랑이에서 피며 꽃자루는 단일하거나 혹은 2갈래로 갈라지고, 꽃잎은 길이 약2cm이고 끝이 6갈래로 갈라지는데 각 조각은 달걀꼴로 녹색이다. 수술은 6개이고 수술대가 잔 돌기가 있으며 열매는 장과로 둥글고 검게 익는다. 한국 · 일본 · 중국 등지에 폭넓게 분포한다.",http://www.forest.go.kr/images/data/down/story/cho1-254.jpg,http://www.forest.go.kr/images/data/down/story/cho2-254.jpg
31,127,마타리,산이나 들  ,쌍떡잎식물 합판화군 : 꼭두서니 마타리과의 여러해살이풀,"높이 60~150cm 내외이고 뿌리줄기는 굵으며 옆으로 뻗고 원줄기는 곧추 자란다. 윗부분에서 가지가 갈라지고 털이 없으나 밑부분에는 털이 약간 있으며 밑에서 새싹이 갈라져서 번식한다. 잎은 마주나며 깃꼴로 깊게 갈라지고 양면에 복모가 있고 밑부분의 것은 잎자루가 있으나 위로 올라가면서 없어진다. 
꽃은 여름부터 가을에 걸쳐서 피고 노란색이며 산방꽃차례를 이룬다. 화관은 노란색으로 지름 4mm이고 5개로 갈라지며 통부가 짧고 수술은 4개, 암술은 1개이다. 씨방은 3실이지만 1개만이 성숙하여 타원형의 열매로 되며 길이 3~4mm로서 약간 편편하고, 배면에 맥이 있으며 뒷면에 능선이 있다. 일본 열도의 북쪽부터 남으로 타이완 · 중국 및 시베리아 동부까지 분포한다.",http://www.forest.go.kr/images/data/down/story/cho1-256.jpg,http://www.forest.go.kr/images/data/down/story/cho2-256.jpg
32,128,며느리밥풀,산지      ,며느리밥풀속,"높이는 30~70cm이며, 잎은 마주나고 달걀 모양이며 8~9월에 홍자색 꽃이 총상꽃차례로 줄기 끝에 피고 열매는 달걀 모양의 삭과이다. 꽃며느리밥풀보다 잎이 둥글고 포에 가시톱니가 한층 더 발달하였고 백색꽃이 피는 종으로 구분한다. 
중앙부의 잎은 난형 또는 좁은 난형이며 길게 뾰족해지거나 갑자기 뽀족해지고 길이 3~6cm, 폭 1.5~3cm로서 밑부분이 둥글며 갑자기 좁아져서 밑으로 흐르고 엽병은 길이 5~10mm로서 골이 파지며 엽면과 더불어 짧은 털이 다소 산생한다. 높이 30~70cm로서 능선을 따라 굽은 백색 털이 있고 가지가 퍼져서 위를 향한다. 
꽃은 8~9월에 피고 홍자색이며 정생하는 총상화서에 달리고 포는 좁은 난형 또는 난형이며 다소 치밀하게 달리고 가장자리에 긴 가시털 같은 톱니가 있다. 꽃받침은 잔털이 다소 있으며 열편은 길이 3.5~4mm로서 피침형이고 까락같은 끝으로 되며 화관은 길이 16~18mm로서 입자상의 돌기가 있다. 삭과는 난형이고 길이 1cm정도로서 끝이 뾰족하며 짧은 털이 있다. 우리나라 중부이남, 동쪽 해안에 분포한다.",http://www.forest.go.kr/images/data/down/story/cho1-258.jpg,http://www.forest.go.kr/images/data/down/story/cho2-258.jpg
33,129,물봉선,산골짜기의 물가나 습지,쌍떡잎식물 무환자나무목 : 봉선화과의 한해살이풀,"줄기는 곧게 서고 육질이며 많은가지가 갈라지고 마디가 굵으며 높이가 40~80cm이다. 잎은 어긋나고 길이 6~15cm의 넓은 바소꼴이며 끝이 뾰족하고 가장자리에 예리한 톱니가 있다. 꽃은 8~9월에 붉은빛이 강한 자주색으로 피고 가지 윗부분에 총상꽃차례를 이루며 달리는데, 작은 꽃자루와 꽃대가 아래쪽으로 굽는다. 
꽃의 지름은 3cm이고 밑 부분에 작은 포가 있으며, 꽃받침조각과 꽃잎은 각각 3개이다. 꿀주머니는 넓으며 끝이 안쪽으로 말리며 수술은 5개이고 꽃밥은 합쳐진다. 열매는 삭과이고 길이 1~2cm의 바소꼴이며 익으면 터지면서 종자가 튀어나온다. 한국 · 중국 동북부에 분포한다.",http://www.forest.go.kr/images/data/down/story/cho1-260.jpg,http://www.forest.go.kr/images/data/down/story/cho2-260.jpg
34,13,귀룽나무,깊은 산골짜기 ,쌍떡잎식물 장미목 : 장미과의 낙엽 교목,"높이 10~15m 정도이며 어린 가지를 꺾으면 냄새가 난다. 잎은 어긋나고 달걀을 거꾸로 세운 모양 또는 타원형으로 끝이 뾰족하며 밑은 둥글고 가장자리에 잔 톱니가 뷸규칙하게 있다. 
잎 표면에는 털이 없고 뒷면에 털이 있으며 자루 끝에 꿀샘이 있다. 5월에 새가지 끝에서 흰？ 꽃이 총상꽃차례로 핀다. 열매는 핵과로 둥글고 6~7월에 검게 익는다. 한국 · 일본 · 중국 · 사할린섬 · 몽골 · 유럽 등지에 분포한다.",http://www.forest.go.kr/images/data/down/story/mok2-26.jpg,http://www.forest.go.kr/images/data/down/story/mok1-26.jpg
35,130,미나리냉이,산지의 그늘진 곳 ,쌍떡잎식물 양귀비목 : 겨자과의 여러해살이풀,"땅속줄기가 길게 옆으로 벋으면서 번식한다. 줄기는 높이가 40~70cm이고 전체에 부드러운 털이 있다. 잎은 어긋나고 깃꼴겹잎이며, 긴 타원형이며 끝이 뾰족하고 가장 자리에 불규칙한 톱니가 있다. 
꽃은 6~7월에 흰색으로 피고 가지와 줄기 끝에 총상꽃차례를 이루며 달린다. 열매는 장각과이고 한국 · 일본 · 중국 북부 · 시베리아 동부 등지에 분포한다.",http://www.forest.go.kr/images/data/down/story/cho1-262.jpg,http://www.forest.go.kr/images/data/down/story/cho2-262.jpg
36,131,미나리아재비,산과 들의 볕이 잘 들고 습기가 있는 곳,쌍떡잎식물 미나리아재비목 : 미나리아재비과의 여러해살이풀   ,"줄기는 곧게 서고 윗부분에서 가지가 여러 개 갈라지며 높이가 50cm이고 흰색털이 빽빽이 있다. 뿌리에서 나온 잎은 앞자루가 길고 깊게 3개로 갈라지며 갈라진 조각은 다시 2~3개로 갈라지고 가장자리에 톱니가 있다. 줄기에서 나온 잎은 잎자루가 없고 3개로 갈라지며 갈라진 조각은 줄 모양이다.                                                                                               
꽃은 6월에 짙은 노란 색으로 피고 취산상으로 갈라진 작은꽃자루에 1개씩 달린다. 꽃받침조각은 5개이고 타원 모양이며 겉에 털이 있고 수평으로 퍼지며 꽃잎은 5개이고 달걀을 가꾸로 세운 모양의 원형이며 꽃받침조각보다 2~2.5배 길며 수술과 암술은 많은 수가 있다. 한국 · 일본 · 중국에 분포한다.",http://www.forest.go.kr/images/data/down/story/cho1-264.jpg,http://www.forest.go.kr/images/data/down/story/cho2-264.jpg
37,132,매화노루발,바닷가의 숲속,쌍떡잎식물 진달래목 : 노루발과의 상록 여러해살이풀,"높이는 15cm정도이며, 잎은 줄기 마디에 뭉쳐나는데 어긋나고 피침 모양으로 가장자리에 톱니가 있다. 5~6월에 원줄기 끝에서 자란 꽃줄기 끝에 한두개의 힌 꽃이 산형꽃차례로 핀다. 잎은 두꺼운 혁질이며 넓은 바소 모양이고 가장자리에 낮으나 날카로운 톱니가 있다. 
꽃은 원줄기 끝에 1~2개씩 밑을 향하여 달리며 지름 1cm정도이고 흰색이며 화관은 반 정도 벌어지고 꽃받침은 달걀을 거꾸로 세워놓은 모양이며 5개로 갈라지고 막질이다. 수술은 10개이며 열매는 삭과로 끝에 암술머리가 남아 있으며 5개로 갈라져서 작은 종자가 나온다. 한국 · 일본 · 티아완 · 중국 · 사할린섬 등지에 분포한다.",http://www.forest.go.kr/images/data/down/story/cho1-265.jpg,http://www.forest.go.kr/images/data/down/story/cho2-265.jpg
38,133,미치광이풀,깊은 산골짜기의 그늘,쌍떡잎식물 통화식물목 : 가지과의 여러해살이풀,"뿌리 줄기는 굵고 옆으로 벋으며 끝에서 줄기가 나온다. 줄기는 곧게 서고 윗부분에서 몇 개의 가지가 갈라지며 털이 없고 높이가 30~60cm이다. 잎은 어긋나고 긴 타원모양이며 가장자리는 대부분 밋믹하고 끝이 뾰족하며 잎자루가 있다. 꽃은 4~5월에 짙은 보라색으로 피고 잎겨드랑이에 1개씩 달려서 밑으로 처진다. 
꽃받침은 녹색이고 5개로 불규칙하게 갈라지며, 화관은 종 모양이고 끝이 얕게 5개로 갈라지며, 수술은 5개이다. 열매는 삭과이고 둥글며 꽃받침에 싸이고 다 익으면 뚜껑이 열리듯이 갈라져서 종자가 나온다. 한국 · 일본에 분포한다.",http://www.forest.go.kr/images/data/down/story/cho1-266.jpg,http://www.forest.go.kr/images/data/down/story/cho2-266.jpg
39,134,민들레,들의 볕이 잘 드는 곳,쌍떡잎식물 초롱꽃목 : 국화과의 여러해살이풀        ,"줄기는 없고, 잎이 뿔리에서 뭉쳐나며 옆으로 퍼진다. 잎은 거꾸로 세운 바소꼴이고 길이가 6~15cm, 폭이 1.2~5cm이며 깃꼴로 깊이 패어 들어간 모양이고 가장자리에 톱니가 있고 털이 약간 있다. 꽃은 4~5월에 노란색으로 피고 잎과 길이가 비슷한 꽃대 끝에 두상화가 1개 달린다. 꽃대에는 흰색 털이 있으나 점차 없어지고 두상화 밑에만 털이 남는다. 
 총포는 꽃이 필 때 길이가 17~20mm이고, 바깥쪽 총포 조각은 좁은 달걀 모양 또는 넓은 바소 모양이며 곧게 서고 끝에 뿔 모양의 돌기가 있다. 열매는 수과이고 길이 3~3.5mm의 긴 타원 모양이며 갈색이고 윗부분에 가시 같은 돌기가 있으며 부리는 길이가 7~8.5mm이고 관모는 길이가 6mm이며 연한 흰빛이 돈다. 한국 · 중국 · 일본에 분포한다.",http://www.forest.go.kr/images/data/down/story/cho1-268.jpg,http://www.forest.go.kr/images/data/down/story/cho2-268.jpg
40,135,백선,산기슭,쌍떡잎식물 쥐손이풀목 : 운향과의 여러해살이풀,"높이 50~90cm로 뿌리는 곧고 굵으며 줄기는 곧게 서며 튼튼하다. 잎은 깃꼴겹잎으로서 마주나며 2~4쌍의 작은 잎으로 구성되며 중축에 좁은 날개가 있다. 꽃은 5~6월에 흰색이나 연한 붉은색으로 피고 줄기 끝에 총상꽃차례로 달린다. 열매는 삭과로서 8월에 익으며 5개로 갈라지고 털이 난다. 한국, 일본, 중국 북동부, 시베리아 동부에 분포한다.",http://www.forest.go.kr/images/data/down/story/cho1-272.jpg,http://www.forest.go.kr/images/data/down/story/cho2-272.jpg
41,136,벌개미취,습지 ,쌍떡잎식물 초롱꽃목 : 국화과의 여러해살이풀        ,"높이 50~60cm이다. 옆으로 뻗는 뿌리줄기에서 원줄기가 곧게 자라고, 홈과 줄이 있다. 뿌리에 달린 잎은 어긋나고 바소꼴이며 길이 12~19cm, 나비 1.5~3cm로서 딱딱하고 양 끝이 뾰족하다. 가장자리에 잔 톱니가 있고 위로 올라갈수록 작아져서 줄 모양이 된다. 꽃은 6~10월에 피는데, 두화는 연한 자줏빛이며 지름 4~5cm로서 줄기와 가지 끝에 1송이씩 달린다. 
 총포는 공을 반으로 잘라놓은 모양이며 지름 약 8mm, 길이 약 13mm이며 포조각은 긴타원형이며 가장자리에 털이 나고 4줄로 늘어선다. 열매는 수과로서 바소꼴이고 11월에 익으며 길이 4mm, 지름 1.3mm정도이고 털과 관모가 없다. 한국 특산종으로  전라남도 · 경상남도 · 충청북도 · 경기도 등지에 분포한다.",http://www.forest.go.kr/images/data/down/story/cho1-274.jpg,http://www.forest.go.kr/images/data/down/story/cho2-274.jpg
42,137,벌깨덩굴,산지의 그늘진 곳,쌍떡잎식물 통화식물목 : 꿀풀과의 여러해살이풀 ,"높이 15~30cm이다. 향기가 나며 줄기는 사각이고 5쌍 정도의 잎이 달린다. 길고 흰 털이 드문드문 나고, 꽃이 진 다음 옆으로 덩굴이 자라면서 마디에서 뿌리가 내려 다음해의 꽃줄기가 된다.
잎은 마주나고 잎자루가 있으며 달걀 모양 심장형이고 가장자리에 둔한 톱니가 있다. 열매는 작은 견과이며 달걀을 거꾸로 세워 놓은 모양이며 털이 드문드문 난다. 한국(제주도) · 일본 · 중국 북동부 등지에 분포한다. ",http://www.forest.go.kr/images/data/down/story/cho1-276.jpg,http://www.forest.go.kr/images/data/down/story/cho2-276.jpg
43,138,벼룩나물,"논둑, 밭",쌍떡잎식물 이판화군 : 중심자목 석죽과의 두해살이풀,"높이 15~25cm로 털이 없고 밑에서 가지가 많이 갈라져서 퍼지기 때문에 커다란 포기로 자란 것처럼 보인다. 가는 실 모양의 줄기가 뿌리 근처에서 갈라져서 지면을 긴다. 잎은 마주나고 1개의 엽맥이 있으며 측맥은 뚜력하지 않다. 잎자루가 없으며 긴 타원형 또는 달걀 모양의 바소꼴이고 회록색이며 가장자리가 밋밋하다. 
꽃은 4~5월에 피고 양성이며 취산꽃차례를 이루며 꽃받침조각은 5개이고 바소꼴로 끝이 둔하며 가장자리가 막질로 3mm 정도이고 털이 없다.  꽃잎은 5개로 꽃받침과 길이가 같고 2개로 깊게 갈라지지만 나중에 피는 꽃 중에는 없는 것도 있다. 수술은 6개, 암술은 1개이며, 암술대는 3개로 갈라지며 열매는 삭과로 타원형이고 꽃받침과 길이가 비슷하며 6개로 갈라진다. 동아시아 온대를 중심으로 분포한다. ",http://www.forest.go.kr/images/data/down/story/cho1-278.jpg,http://www.forest.go.kr/images/data/down/story/cho2-278.jpg
44,139,복수초,산지 숲 속,쌍떡잎식물 이판화군 미나리아재비목 : 미나리아재비과의 여러해살이풀,"높이 10~30cm로 뿌리줄기가 짧고 굵으며 흑갈색의 잔뿌리가 많이 나온다. 줄기는 윗부분에서 갈라지며 털이 없거나 밑부분의 잎은 막질로서 원줄기를 둘러싼다. 잎은 양면에 털이 없거나 뒷면에 작은 털이 있으며, 밑에서는 잎몸이 없고 밑부분 뿐이며 위로 올라가면서 어긋나고 깃꼴로 두번 잘게 갈라진다. 최종 갈래조각은 줄 모양이고 잎자루 밑에 달린 턱잎은 갈라졌다. 
꽃은 3월 초순에 피고 노란색이며 지름 3~4cm로 원줄기와 가지 끝에 1개씩 달린다. 꽃받침조각은 짙은 녹색으로 여러개이고 꽃잎은 20~30개가 수평으로 퍼지며 수술은 많고 꽃밥은 길이 1~2mm로 열매는 수과로 길이 1cm정도의 꽃턱에 모여 달리며, 공 모양으로 가는털이 있다. 한국 · 일본 · 중국 등지에 분포한다.",http://www.forest.go.kr/images/data/down/story/cho1-280.jpg,http://www.forest.go.kr/images/data/down/story/cho2-280.jpg
45,14,꼬리진달래,양지바른 산기슭,쌍떡잎 식물 진달래목 : 진달래과의 낙엽활엽 관목,"키는 1~2m 정도이며 줄기 마디마디에서 가지가 2~3개씩 나와 나무 모양이 반구형을 이룬다, 잎은 어긋나지만 가지 끝에서는 몇개씩 모여나며 잎 앞면은 초록색이나 하얀 점들이 있고 뒷면은 갈색의 비닐 모양 털들이 달린다. 
꽃은 6~7월에 가지 끝에 총상꽃차례를 이루어 피며 하얀색의 ?부리는 깔대기처럼 생겼으며 열매는 9월에 익는다. 우리나라에서는 경상북도 · 충청도 · 강원도에서만 볼 수 있다.",http://www.forest.go.kr/images/data/down/story/mok2-28.jpg,http://www.forest.go.kr/images/data/down/story/mok1-28.jpg
46,140,부처꽃,"냇가, 초원 등의 습지",쌍떡잎식물 이판화군 : 도금양목 부처꽃과의 여러해살이풀,"높이 1m 정도로서 곧게 자라며 가지가 많이 갈라진다. 잎은 마주나고 바소꼴이며 대가 거의 없고 원줄기와 더불어 털, 잎자루도 거의 없으며 가장자리가 밋밋하다. 꽃은 5~8월에 홍자색으로 피며 열매는 삭과로 꽃받침통 안에 들어 있고 성숙하면 2개로 쪼개져 종자가 나온다. 한국 · 일본 등지에 분포한다.",http://www.forest.go.kr/images/data/down/story/cho1-282.jpg,http://www.forest.go.kr/images/data/down/story/cho2-282.jpg
47,141,붉은토끼풀,풀밭,쌍떡잎식물 장미목 : 콩과의 여러해살이풀,높이 30~60cm까지 자라며 전체에 털이 있고 잎은 어긋나고 3개로 갈라진 겹잎이다. 작은 잎은 긴 타원형으로 끝이 둥글거나 다소 파이면 가장자리에 잔 톱니가 있고 표면 중앙에 八자의 흰 무늬가 있다. 꽃은 6~7월에 피고 홍색 빛을 띤 자주색을 띠며 잎겨드랑이에 둥글게 모여 달린다. 꽃받침은 통모양으로 끝이 5개로 갈라지고 뾰족하며 털이 많다. ,http://www.forest.go.kr/images/data/down/story/cho1-284.jpg,http://www.forest.go.kr/images/data/down/story/cho2-284.jpg
48,142,삽주,산지의 건조한 곳,쌍떡잎식물 초롱꽃목 : 국화과의 여러해살이풀  ,"뿌리줄기는 굵고 길며 마디가 있고 향기가 있다. 줄기는 곧게 서고 윗부분에서 가지가 몇 개 갈라지며 높이가 30~100cm이다. 뿌리에서 나온 잎은 꽃이 필 때 말라 없어진다. 줄기에 달린 잎은 어긋나고, 줄기 밑 부분에 달린 잎은 깊게 깃꼴로 갈라지며, 갈라진 조각은 3~5개이고 원 모양 또는 달걀을 거꾸로 세운 모양의 긴 타원형이며 표면에 윤기가 있고 뒷면에 흰빛이 돌며 가장자리에 가시 같은 톱니다 있다. 줄기 윗부분에 달린 잎은 갈라지지 않고 잎자루가 거의 없다. 
꽃은 암수딴그루이고 7~10월에 흰색으로 피며 줄기와 가지 끝에 두상화가 1개씩 달린다. 포는 꽃과 길이가 같고 2줄로 달리며 깃꼴로 갈라진다. 총포는 길이 17mm의 종 모양이고, 총포 조각은 7~8줄로 배열하며 바깥쪽 조각은 타원 모양이고 가운데 조각은 긴 티원 모양이며 안쪽 조각은 줄 모양이다.
관상화의 화관은 끝이 5개로 갈라진다. 열매는 수과이고 털이 있으며 길이 8~9mm의 갈색 관모가 있다. 한국 · 중국 · 동북부 · 일본 등지에 분포한다.",http://www.forest.go.kr/images/data/down/story/cho1-285.jpg,http://www.forest.go.kr/images/data/down/story/cho2-285.jpg
49,143,뻐국채,건조한 양지,쌍떡잎식물 초롱꽃목 : 국화과의 여러해살이풀   ,"높이 30~70cm이고 흰색 털로 덮여 있으며 가지가 없고 굵은 뿌리가 땅속 깊이 들어간다. 원줄기는 꽃줄기 같고 줄이 있고 잎은 어긋나고 뿌리에서 나온 잎은 꽃이 필 때도 살아 있으며 밑부분의 잎과 더불어 거꾸로 세운 바소꼴 타원형이고 끝이 둔하며 깃처럼 완전히 갈라진다.
꽃은 6~8월에 피고 원줄기 끝에 두상화가 1개가 달리며 홍색빛을 띤 자주색이다. 열매는 수과로서 타원형이며 관모는 연한 갈색으로 여러 줄이 있다. 한국 · 중국 · 동부 시베리아 등지에 분포한다.",http://www.forest.go.kr/images/data/down/story/cho1-288.jpg,http://www.forest.go.kr/images/data/down/story/cho2-288.jpg
50,144,뽀리뱅이,길가 또는 그늘 진 곳,쌍떡잎식물 초롱꽃목 : 국화과의 두해살이풀,"줄기는 곧게 서고 부드러운 털이 있으며 보통 1개 또는 2개이며 높이 15~100cm이다. 뿌리에서 나온 잎은 로제트형으로 비스듬히 퍼지고 거꾸로 세운 바소꼴이며 무 잎처럼 갈라진다. 끝의 갈래조각이 제일 크고 옆 갈래조각은 밑으로 갈수록 점차 작아진다. 줄기에는 잎이 없거나 1~4개가 달리고 깃꼴로 갈라지며 뿌리에서 나온 잎과 비슷하다.
꽃은 5~6월에 피고 두화는 산방상 원추례꽃차례로 달리며 노란색이다. 총포는 좁은 원기둥 모양이고 길이 4~5mm로 포조각이 2줄로 배열되며 5~6개의 작은 꽃이 들어 있다. 화관은 노란색이며 통부는 윗부분에 털이 있으며 열매는 장과로서 갈색이며 능선이 있고 관모는 흰색이다. 한국 · 일본 · 타이완 · 중국 · 인도 · 폴리네시아 · 오스트레일이아 등지에 분포한다.         ",http://www.forest.go.kr/images/data/down/story/cho1-290.jpg,http://www.forest.go.kr/images/data/down/story/cho2-290.jpg
51,145,산괴불주머니,습한 산지,쌍떡잎식물 양귀비목 : 현호색과이 두해살이풀,"높이 약 40cm이다. 원줄기는 속이 비고 곧게 자라며 가지가 갈라지고 전체에 흰빛을 띤다. 잎은 어긋나고 2회 깃꼴로 갈라지며 길이 10~15cm, 나비 4~6cm이다. 갈래조각은 달걀 모양이며 다시 깃처럼 갈라지고 마지막 갈래조각은 줄 모양의 긴 타원형이며 끝이뾰족하다.
꽃은 4~6월에 노란색으로 피며 길이 2~2.3cm이고 총상꽃차례에 달린다. 포는 달걀 모양 바소꼴이고 때로 갈라지며 은 끝이 입술 모양으로 갈라지고 밑 부분은 꿀주머니로 된다. 수술은 6개이며 다시 2개씩 갈라지며 열매는 삭과로서 줄 모양이며, 종자는 둥글고 검은빛이며 겉에 가늘고 오목한 점이 흩어져 있다. 한국 · 일본 · 중국 · 동북부 · 헤이룽강 · 우수리강 등지에 분포한다.",http://www.forest.go.kr/images/data/down/story/cho1-292.jpg,http://www.forest.go.kr/images/data/down/story/cho2-292.jpg
52,146,산부추,산지나 들,쌍떡잎식물 백합목 : 백합과의 여러해살이풀,"높이 30~60cm로 비늘줄기는 달걀 모양 바소꼴로서 길이 2cm안팎이고 밑 부분과 더불어 마른 잎 집으로 싸이며, 외피는 잿빛을 띤 흰색이고 두껍다. 잎은 2~6개가 비스듬히 서고 둔한 삼각형이며 길이 20~54cm, 나비 2~7mm이다. 
꽃은 8~11월에 붉은 자줏빛으로 피고 꽃자루는 속이 비어 있으며 끝에 여러 송이가 산형으로 달린다. 작은 꽃자루는 길이 1~2.2cm이고 포는 넓은 달걀 모양이다. 화피 갈래조각은 6개로서 넓은 타원형이고 끝이 둥글며 뒷면에 녹색의 중륵이 있다. 
수술은 6개이고 화피보다 길다. 씨방 밑동에 꿀주머니가 있으며 꽃 밥은 자줏빛이며 열매는 삭과이다. 한국 · 일본 · 중국 · 타이완에 분포한다.",http://www.forest.go.kr/images/data/down/story/cho1-294.jpg,http://www.forest.go.kr/images/data/down/story/cho2-294.jpg
53,147,솜나물,건조한 숲속,쌍떡잎식물 초롱꽃목 : 국화과의 여러해살이풀    ,"봄에 꽃이 피는 것은 높이 10~20cm이고 뿌리 줄기가 짧으며 잎이 갈라지지 않는다. 가을에 꽃이 피는 것은 높이 30~60cm이고 잎이 깃처럼 갈라진다. 뿌리에서 나온 잎은 사방으로 퍼지고 또한 잎 끝이 둔하고 밑부분이 잎자루로 흘러서 좁아져 가장자리가 무잎처럼 갈라지며 각 갈래조각은 서로 떨어져 있다. 
꽃은 꽃자루 끝에 1개씩 달리고 5~9월에 피며, 봄에 피는 꽃은 1줄의 흰 설상화가 있으나 가을에 피는 꽃은 폐쇄화이고 펴지지 않는다. 열매는 수과로서 털이 약간 있고 양끝이 좁으며 관모는 갈색이다. 한국 · 일본 · 사할린섬 · 쿠릴열도 · 타이완 · 중국 · 시베리아에 분포한다.",http://www.forest.go.kr/images/data/down/story/cho1-296.jpg,http://www.forest.go.kr/images/data/down/story/cho2-296.jpg
54,148,솜방망이,건조한 양지 ,쌍떡잎식물 초롱꽃목 : 국화과의 여러해살이풀     ,"높이 20~65cm까지 자라며 원줄기에 흰색 털이 빽빽이 나고 자줏빛이 돈다. 뿌리에서 나온 잎은 로제트형으로 퍼지고 긴 타원형 또는 달걀을 거꾸로 세운 듯 한 모양으로 밑 부분이 좁아져 잎자루처럼 된다. 잎 가장자리가 밋밋하거나 잔 톱니가 있으며 양면에 많은 솜털이 있다. 
줄기에서 나온 잎은 밑에서는 뿌리에서 나온 잎과 비슷하며 바소꼴로 끝이 둔하고 가장자리에 둔한 톱니가 있으나 위로 올라가면서 점차 작아진다. 꽃은 5~6월에 피고 노란색이며 두화는 지름 3~4cm로서 3~9개가 산방상 또는 산형 비슷하게 원줄기 끝에 달린다. 설상화는 1줄로 배열하고 꽃자루에 흰 털이 있으며 열매는 수과로서 털이 있고 6월에 익으며 관모는 길이 11mm정도이다. 한국 · 일본 · 중국 · 타이완에 분포한다.",http://www.forest.go.kr/images/data/down/story/cho1-298.jpg,http://www.forest.go.kr/images/data/down/story/cho2-298.jpg
55,149,쇠뜨기,풀밭 ,관다발식물 속새목 : 속새과의 여러해살이풀,"땅속 줄기가 길게 뻗으면서 번식한다. 이른 봄에 자라는 것은 생식줄기인데, 그 끝에 포자낭수가 달린다. 가지가 없고 마디에 비늘 같은 연한 갈색 잎이 돌려난다. 영양줄기는 생식줄기가 쓰러질 무렵에 자라는데, 곧게 서며 높이 30~40cm로 녹색이고 마디와 능선이 있으며, 마디에 비늘 같은 잎이 돌려나고 가지가 갈라진다. 포자낭수는 타원 모양인데 육각형의 포자엽이 밀착하여 거북의 등처럼 되며, 안쪽에는 각각 7개 내외의 포자낭이 달린다. 북반구의 난대 이북에서 한대까지 널리 분포한다. ",http://www.forest.go.kr/images/data/down/story/cho1-300.jpg,http://www.forest.go.kr/images/data/down/story/cho2-300.jpg
56,15,괴불나무,"산기슭, 응달진 골짜기",쌍떡잎식물 꼭두서니목 : 인동과의 낙엽 관목 ,"높이는 5m에 이르며 줄기는 속이 비어있고, 잔가지에 곱슬거리는 털이 있으며 겹눈은 달걀 모양이다. 잎은 마주나고 달걀 모양 타원형 또는 달걀 모양 바소꼴로 끝이 뾰족하며 꽃은 5~6월에 잎겨드랑이에 핀다.  
열매는 장과로 서로 떨어져 있고 둥글며 9~10월에 붉은색으로 익는다. 한국 · 중국 등지에 분포한다.",http://www.forest.go.kr/images/data/down/story/mok2-30.jpg,http://www.forest.go.kr/images/data/down/story/mok1-30.jpg
57,150,수리취,산지의 양지,쌍떡잎식물 초롱꽃목 : 국화과의 여러해살이풀      ,"잎 근생엽은 꽃이 필 때 없어지거나 남아 있고 경생엽은 호생하며 밑 부분의 것은 난형 또는 난상 긴 타원형이고 끝이 뾰족하며 밑 부분이 원저 또는 심장저이고 길이 10~20cm로서 표면에 꼬불꼬불한 털이 있으며 뒷면에 백색 면모가 밀생하고 가장자리에 결각상의 톱니가 있으며 엽병은 길이 10~25cm로서 좁은 날개가 있거나 없다. 윗부분의 잎은 점차 작아지고 엽병도 점차 짧아진다.
꽃은 9~10월에 피며 지름 5cm정도로서 원줄기 끝 또는 가지 끝에 달리고  꽃이 필 때는 밑을 향한다. 총포는 둥글며 길이 3cm, 지름 4.5~5.5cm로서 거미줄 같은 백색 털이 있고 갈자색 또는 흑록색이며 포편은 여러 줄로 배열되고 끝이 뾰족하며 날카롭고 외편이 짧다. 화관은 길이 20mm정도로서 겉이 자주색이며 수과는 길이 7mm정도이며 관모는 길이 18mm정도로서 갈색이다. 높이 40~100cm로 길며 원줄기는 굵고 종선이 있으며 백색 털이 밀생한다. 윗부분은 가지를 적게 치며 암자색을 띤다.",http://www.forest.go.kr/images/data/down/story/cho1-302.jpg,http://www.forest.go.kr/images/data/down/story/cho2-302.jpg
58,151,쑥부쟁이,습기가 약간 있는 산과 들,쌍떡잎식물 초롱꽃목 : 국화과의 여러해살이풀       ,"높이 30~100cm로 뿌리줄기가 옆으로 뻗으며 원줄기가 처음 나올 때는 붉은빛이 돌지만 점차 녹색 바탕에 자줏빛을 띤다. 뿌리에 달린 잎은 꽃이 필때 진다. 줄기에 달린 잎은 어긋나고 바소꼴이며 가장자리에 굵은 톱니가 있다. 겉면은 녹색이고 윤이 나며 위쪽으로 갈수록 크기가 작아진다. 
꽃은 7~10월에 피는데, 설상화는 자줏빛이지만 통상화는 노란색이다. 두화는 가지 끝에 1개씩 달리고 지름 2.5cm이다. 총포는 녹색이고 공을 반으로 자른 모양이며, 포조각이 3줄로 늘어선다. 열매는 수과로서 달걀 모양이고 털이 나며 10~11월에 익는다. 관모는 길이 약 0.5mm로서 붉은색이다. 번식은 종자나 포기나누기로 한다. 한국 · 일본 · 중국 · 시베리아 등지에 널리 분포한다. ",http://www.forest.go.kr/images/data/down/story/cho1-304.jpg,http://www.forest.go.kr/images/data/down/story/cho2-304.jpg
59,152,앵초,깊은 산 속의 나무 그늘이나 습지크기,쌍떡잎식물 앵초목 : 앵초과의 여러해살이풀 ,"뿌리줄기는 짧고 옆으로 뻗는다. 줄기는 없고 전체에 잔털이 있다. 잎은 뿌리에서 뭉쳐나고, 잎자루는 길며 비스듬히 선다. 잎몸은 둥글며 밑 부분이 심장 모양이고 가장자리가 손바닥 모양으로 얕게 7~9개로 갈라지며 잔 톱니가 있다. 꽃은 7~8월에 붉은빛이 도는 자주색으로 피고 잎 사이에서 나온 꽃줄기 끝에 1~4층을 이루며 각층에 5~6개가 달린다.
꽃줄기는 높이가 20~40cm이고 윗부분에 짧은 털이 있으며 잎이 달리지 않는다. 작은 꽃자루는 길이가 1~2cm이고, 포는 넓은 줄 모양이며 꽃받침은 통 모양이고 5개로 깊게 갈라진다. 화관은 지름이 1.5~2.5cm이고 통 모양이며 끝이 5개로 갈라지며 수술은 5개이며 통부분보다 짧다. 열매는 삭과이고 달걀 모양의 긴 타원형이며 길이가 7~12mm이다. 한국 · 일본에 분포한다.",http://www.forest.go.kr/images/data/down/story/cho1-307.jpg,http://www.forest.go.kr/images/data/down/story/cho2-307.jpg
60,153,애기나리,산지의 숲 속,외떡잎식물 백합목 : 백합과의 여러해살이풀  ,"꽃은 4~5월에 흰색으로 피고 줄기 끝에 1~2개가 밑을 향해 달린다. 작은 꽃자루는 길이가 1~2cm이고, 꽃잎은 6개이며 비스듬히 퍼지고 길이 12~16mm의 바소꼴이며 끝이 뾰족하다. 수술은 6개이고, 수술대는 꽃밥 길이의 2배이며, 꽃밥은 긴 타원모양이다.
암술대는 끝이 3개로 갈라지고, 씨방은 달걀 모양이며 3실이고 암술대보다 길다. 큰 애기나리는 애기나리에 비해 키가 크며, 가지가 나누어지고 꽃이 가지 끝마다 보통 2~3송이씩 핀다. 열매는 장과이고 둥글며 검은 색으로 익는다. 한국(경기 · 강원 이남) · 일본  · 중국에 분포한다.",http://www.forest.go.kr/images/data/down/story/cho1-310.jpg,http://www.forest.go.kr/images/data/down/story/cho2-310.jpg
61,154,애기똥풀,마을 근처의 길가나 풀밭,쌍떡잎식물 양귀비목 : 양귀비과의 두해살이풀,"뿌리는 곧고 땅 속 깊이 들어가며 귤색이다. 줄기는 가지가 많이 갈라지고 속이 비어 있으며 높이 30~80cm이고 분처럼 흰색을 띠며 상처를 내면 귤색의 젖 같은 액즙이 나온다. 잎은 마주나고 1~2회 깃꼴로 갈라지며 길이가 7~15cm이고 끝이 둔하며 가장자리에 둔한 톱니와 함께 깊이 패어 들어간 모양이 있다. 잎 뒷면은 흰색이고 표면은 녹색이다. 
꽃은 5~8월에 황색으로 피고 줄기 윗부분의 잎겨드랑이에서 나온 가지 끝에 산형꽃차례를 이루며 몇 개가 달리며 꽃의 지름은 2cm이고, 꽃받침조각은 2개이며 길이 6~8mm의 타원 모양이고 일찍 떨어진다. 꽃잎은 4개이고 길이 12mm의 긴 달걀 모양이며, 수술은 많고, 암술은 1개이며 암술머리는 약간 굵고 끝이 2개로 얕게 갈라진다. 열매는 삭과이고 좁은 원기둥 모양이며 길이가 3~4cm이다. 한국 · 일본 · 중국 동북부 · 사할린 · 몽골 · 시베리아 · 캄차카반도 등지에 분포한다.",http://www.forest.go.kr/images/data/down/story/cho1-312.jpg,http://www.forest.go.kr/images/data/down/story/cho2-312.jpg
62,155,얼레지,높은 지대,쌍떡잎식물 초롱꽃목 : 백합과의 여러해살이풀,"비늘줄기는 바소꼴로 땅속 깊이 들어 있고 위에서 2개의 잎이 나와서 수평으로 퍼지며 잎은 달걀 모양 또는 타원형으로 녹색 바탕에 자주색 무늬가 있고 가장자리가 밋밋하다. 잎몸은 긴 타원형이며 꽃줄기는 잎 사이에서 나와 끝에 1개의 꽃이 밑을 향하여 달린다. 
꽃잎은 바소꼴이고 6개이며 뒤로 말리고 자주색이지만 밑부분에 W형의 무늬가 있다. 6개의수술과 1개의 암술이 있으며 꽃밥은 진한 자색이고 선형이며 씨방은 삼각모양의 달걀 모양이다. 열매는 7~8월에 결실하며 삭과로 넓은 타원형 또는 구형이며 3개의 능선이 있다. 한국 · 일본 등지에 분포한다.",http://www.forest.go.kr/images/data/down/story/cho1-314.jpg,http://www.forest.go.kr/images/data/down/story/cho2-314.jpg
63,156,엉겅퀴,산이나 들,쌍떡잎식물 초롱꽃목 : 국화과의 여러해살이풀,"줄기는 곧게 서고 높이 50~100cm이고 전체에 흰 털과 더불어 거미줄 같은 털이 있다. 뿌리잎은 꽃필 때까지 남아 있고 줄기잎보다 크며 줄기잎은 바소꼴모양의 타원형으로 깃처럼 갈라지고 밑은 원대를 감싸며 갈라진 가장자리가 다시 갈라지고 깊이 패어 들어간 모양의 톱니와 더불어 가시가 있다. 
꽃은 6~8월에 피고 자주색에서 적색으로 변하며 가지와 줄기 끝에 두화가 달린다. 총포의 포조각은 7~8열로 배열하고 안쪽일수록 길어지며 관모는 길이 16~19mm이다. 열매는 수과로 3.5~4mm이다. 한국 · 일본 · 중국 북동부 및 우수리에 분포한다.",http://www.forest.go.kr/images/data/down/story/cho1-316.jpg,http://www.forest.go.kr/images/data/down/story/cho2-316.jpg
64,157,윤판나물,숲속,외떡잎식물 백합목 : 백합과의 여러해살이풀   ,높이 30~60cm로 뿌리줄기는 짧고 뿌리가 옆으로 벋으며 위에서 큰 가지가 갈라진다. 잎은 어긋나고 긴 타원형이며 꽃은 4~6월에 황금색과 흰색으로 피고 가지 끝에 1~3개씩 아래를 향하여 달린다. 길이 2~2.5cm정도이고 화피는 통 모양이다. 화피 갈래조각과 수술은 6개씩이고 암술은 1개이며 끝이 3개로 갈라진다. 열매는 장과로서 둥글고 지름 1cm정도이며 검은색으로 익는다. 한국 · 중국 · 일본 · 사할린섬에 분포한다.,http://www.forest.go.kr/images/data/down/story/cho1-319.jpg,http://www.forest.go.kr/images/data/down/story/cho2-319.jpg
65,158,용담,산지의 풀밭,쌍떡잎식물 합판화군 : 용담목 용담과의 여러해살이풀,"높이 20~60cm이고 4개의 가는 줄이 있으며 굵은 수염뿌리가 사방으로 퍼진다. 잎은 마주나고 자루가 없으며 바소 모양으로서 가장자리가 밋밋하고 3개의 큰 맥이 있다. 잎의 표면은 녹색이고 뒷면은 연한 녹색이며 톱니가 없다.
꽃은 8~10월에 피고 자주색이며 잎겨드랑이와 끝에 달리고 포는 좁으며 바소꼴이며 꽃받침은 통 모양이고 끝이 뾰족하게 갈라진다. 화관은 종처럼 생기고 가장자리가 5개로 갈라지며 갈래조각 사이에 부편이 있다. 5개의 수술은 통부에 붙어 있고 암술은 1개이며 열매는 삭과로 11월에 익고 시든 화관 안에 들어 있으며 종자는  넓은 바소꼴로 양 끝에 날개가 있다. 한국 · 일본 · 중국 동북부 · 시베리아 동부에 분포한다. ",http://www.forest.go.kr/images/data/down/story/cho1-320.jpg,http://www.forest.go.kr/images/data/down/story/cho2-320.jpg
66,159,원추리,산지,외떡잎식물 백합목 : 백합과의 여러해살이풀    ,"높이 약1m로 뿌리는 사방으로 퍼지고 원뿔모양으로 굵어지는 것이 있다. 잎은 2줄로 늘어서고 길이 약 80cm, 나비1.2~1.5cm이며 끝이 쳐져 있으며 조금 두껍고 흰빛을 띤 녹색이다. 7~8월에 꽃이 피고 꽃줄기는 잎 사이에서 나와서 자라고, 끝에서 가지가 갈라져서 6~8개의 총상꽃차례로 달린다. 빛깔은 주황색이고 길이 10~13cm, 통부분은 길이 1~2cm이다.
포는 줄 모양 바소꼴이며 길이 2~8cm이고, 작은 꽃줄기는 길이 1~2cm이다. 안쪽화피조각은 긴 타원형이고 막질이며 나비 3~3.5cm이다. 수술은 6개로서 통부분 끝에 달리고 꽃잎보다 짧으며, 꽃밥은 줄 모양이고 노란색이다. 열매는 삭과로서 10월에 익으며 양지바른 곳에서 잘 자라며 번식은 종자나 포기나누기로 한다. 한국 · 중국 등지에 분포한다. ",http://www.forest.go.kr/images/data/down/story/cho1-322.jpg,http://www.forest.go.kr/images/data/down/story/cho2-322.jpg
67,16,낙엽송(일본잎갈나무),산지        ,겉씨식물 구과목 : 소나무과의 낙엽침목 교목,"키는 30m, 지름은 1m까지 자라며 가지는 조금 위쪽을 향해 나란히 달리며, 수피는 두꺼운 비늘처럼 갈라져 있다. 초록색의 잎은 10여장 이상씩 모여 달리며, 잎은 길이가 1.5~3.5cm이며, 뒷면에 기공선이 있으며 꽃은 5월에 타원형의 암꽃송이와 구형 또는 난형의 수꽃송이가 같은 가지 끝에 1개씩 핀다.  
3각형의 씨는 9월에 익는데, 구과를 이루는 실편의 수는 50~60개이며, 실편의 끝이 조금 뒤로 젖혀진다. 양지바르고 비옥한 토양에서만  자라며 수명이 짧고 바람에 꺾이기 쉽다. 맹아력이 있고 뿌리가 깊게 내리지 않는다. 변재는 흰색, 심재는 갈색이고 나무결은 곧으며 말리기가 쉬우나 잘 터진다.  
우리나라의 중부 이북지방, 특히 금강산 이북에는 잎갈나무가 자라고 있는데, 일본잎갈나무에 비해 구과를 이루는 실편의 수가 25~40개로 적고 조각의 끝이 뒤로 젖혀지지 않는 점이 다르다. ",http://www.forest.go.kr/images/data/down/story/mok2-32.jpg,http://www.forest.go.kr/images/data/down/story/mok1-32.jpg
68,160,은대난초,산과 들 ,외떡잎식물 난초목 : 난초과의 여러해살이풀,"높이 30~50cm이며 6~8개의 잎이 달린다. 밑부분은 칼집 모양의 잎이 원줄기를 감싼다. 잎은 어긋나고 타원형이거나 넓은 바소꼴로서 길이 7~15cm, 나비 1.5~4cm이다. 뒷면과 가장자리에 흰 돌기가 있으며 꽃은 5~6월에 흰색으로 피고 퍼지지 않으며 꽃차례 밑의 포가 꽃차례보다 길다.
포는 줄 모양이거나 넓은 줄 모양이며 길이 4~7mm이며 꽃받침조각은 바소꼴로 길이 11~12mm이다. 꽃잎은 길이가 짧고 나비가 넓으며 꿀주머니가 있고 씨방에 털 같은 돌기가 난다. 열매는 삭과로서 9월에 익으며 번식은 포기나누기로 한다. 한국 · 일본 등지에 분포한다.",http://www.forest.go.kr/images/data/down/story/cho1-324.jpg,http://www.forest.go.kr/images/data/down/story/cho2-324.jpg
69,161,제비꽃,들,쌍떡잎식물 측막태좌목 : 제비꽃과의 여러해살이풀,"높이 10cm 내외로 원줄기가 없고 뿌리에서 긴 자루가 있는 잎이 자라서 옆으로 비스듬히 퍼진다. 잎은 긴 타원형 바소꼴이며 끝이 둔하고 가장자리에 둔한 톱니가 있다. 꽃이 진 다음 잎은 넓은 삼각형 바소꼴로 되고 잎자루의 윗부분에 날개가 자란다.
꽃은 4~5？에 잎 사이에서 꽃줄기가 자라서 끝에 1개씩 옆을 향하여 달린다. 꽃빛깔은 짙은 붉은빛을 띤 자주색이고 꽃받침잎은 바소꼴이나 끝이 뾰족하며 부속체는 반원형으로 가장자리가 밋밋하다. 꽃잎은 옆갈래조각에 털이 있으며 커다란 꿀주머니가 있다. 열매는 삭과로서 6월에 익는다. 한국 · 중국 · 일본 · 시베리아 동부 등지에 분포한다.",http://www.forest.go.kr/images/data/down/story/cho1-325.jpg,http://www.forest.go.kr/images/data/down/story/cho2-325.jpg
70,162,은방울꽃,산지        ,외떡잎식물 백합목 : 백합과의 여러해살이풀     ,"높이 25~35cm이다. 땅속 줄기가 옆으로 길게 벋으면서 군데군데에서 새순이 나오고 수염뿌리가 사방으로 퍼진다. 밑부분에서는 칼집 모양의 잎이 있고 그 가운데에서 2개의 잎이 나와 마주 감싼다. 잎몸은 긴 타원형이거나 달걀 모양 타원형이며 길이 12~18cm, 나비 3~7cm이다. 끝이 뾰족하고 가장자리가 밋밋하며 잎자루가 길다. 꽃은 5~6월에 흰색으로 피는데, 길이 6~8mm이고 종모양으러 꽃 줄기는 잎이 나온 바로 밑에서 나온다. 길이 5~10cm의 총상꽃차례에 10송이 정도가 아래를 향하여 피며 포는 막질이고 넓은 줄 모양이며, 작은 꽃자루의 길이와 비슷하거나 짧다. 
화피는 6장이고 수술은 6개로서 화관 밑에 달린다. 씨방은 달걀 모양이며 3실이고 암술대는 짧으며 열매는 장과로서 둥글며 7월에 붉게 익는다. 번식은 포기나누기로 한다. 한국 · 중국 · 동시베리아 · 일본에 분포한다.",http://www.forest.go.kr/images/data/down/story/cho1-328.jpg,http://www.forest.go.kr/images/data/down/story/cho2-328.jpg
71,163,이질풀,산과 들        ,쌍떡잎식물 쥐손이풀목 : 쥐손이풀과의 여러해살이풀,"높이 약 50cm로 뿌리는 곧은 뿌리가 없고 여러 개로 갈라지며, 줄기가 나와서 비슷듬히 자라고 털이 퍼져 난다. 잎은 마주달리고 3~5개로 갈라지며 나비 3~7cm이고 흔히 검은 무늬가 있다. 꽃은 6~8월에 연한 붉은색, 붉은 자주색 또는 흰색의 꽃이 피며 열매는 삭과로서 5개로 갈라져서 뒤로 말린다. 한국 · 일본 · 타이완에 분포한다.",http://www.forest.go.kr/images/data/down/story/cho1-330.jpg,http://www.forest.go.kr/images/data/down/story/cho2-330.jpg
72,164,익모초,들 ,쌍떡잎식물 통화식물목 : 꿀풀과의 두해살이풀,"높이 약 1m로 가지가 갈라지고 줄기 단면은 둔한 사각형이며 흰 털이 나서 흰 빛을 띤 녹색으로 보인다. 잎은 마주나는데, 뿌리에 달린 잎은 달걀 모양 원형이며 둔하게 패어 들어간 흔적이 있고, 줄기에 달린 잎은 3개로 갈라진다. 갈래조각은 깃꼴로서 다시 2~3개로 갈라지고 톱니가 있다. 
꽃은 7~8월에 연한 붉은 자주색으로 피는데, 길이 6~7mm이며 마디에 층층으로 달린다. 꽃받침은 5개로 갈라지며 화관은 입술 모양이고 2갈래로 갈라지며 아랫입술은 다시 3개로 갈라진다. 4개의 수술 중 2개가 길다. 열매는 작은 견과로서 넓은 달걀 모양이고 9~10월에 익으며 꽃받침 속에 들어 있다. 종자는 3개의 능선이 있고 길이 2~2.5mm이다. 한국 · 일본  · 중국에 분포한다.",http://www.forest.go.kr/images/data/down/story/cho1-332.jpg,http://www.forest.go.kr/images/data/down/story/cho2-332.jpg
73,165,작약,전국적으로 분포,미나리아제비목 : 미나리아재비과의 한속,근생엽은 1-2회 우상으로 갈라지며 윗부분의 것은 3개로 깊게 갈라지기도 하고 밑부분이 엽병으로 흐른다. 꽃은 5~6월에 피고 백색 또는 적색이며 원줄기 끝에 큰 꽃이 1송이씩 달리고 꽃받침잎은 5개로서 가장자리가 밋밋하며 녹색이고 끝까지 남아 있다. 꽃잎은 10개 정도로서 도란형이며 길이 5cm정도이고 수술은 많으며 황색이다. 8월 중순경에 종자를 채취할 수 있다. 높이 50~80cm이고 곧게 선다. 뿌리는 방추형이며 굵고 길다. ,http://www.forest.go.kr/images/data/down/story/cho1-334.jpg,http://www.forest.go.kr/images/data/down/story/cho2-334.jpg
74,166,조개나물,양지바른 야트막한 산과 들,쌍떡잎식물 통화식물목 : 꿀풀과의 여러해살이풀,"높이 약 30cm로 줄기는 곧게 서고 백색의 긴 털이 빽빽이 나 있으며, 잎은 마주나며 줄기잎은 달걀 모양이다. 꽃은 5~6월에 자주색으로 피고, 잎겨드랑이에 총상꽃차례로 달리며, 열매는 둥글납작한 모양의 분과로 4개로 나누어지며, 8월에 익으며 그물맥이 있고 꽃받침에 싸여 있다. 한국(제주도 제외) · 중국 · 우수리 · 아무르 등지에 분포한다.",http://www.forest.go.kr/images/data/down/story/cho1-336.jpg,http://www.forest.go.kr/images/data/down/story/cho2-336.jpg
75,167,주름잎,습지,쌍떡잎식물 통화식물목 : 현삼과의 한해살이풀,"높이 5~20cm이고 전체에 털이 있으며 밑에서 여러 대로 갈라진다. 잎은마주달리고 위로 가면서 어긋나며 달걀을 세운 모양 또는 주걱형이며 가장자리에 둔한 톱니가 있고 옆면에 주름이 지며 꽃은 5~8월에 피고 총상꽃차례로 달리며 연한 자주색이다.
열매는 삭과로 둥글며 꽃받침으로 싸여있다. 한국 · 일본 · 중국 · 만주 · 시베리아 · 인도북부 · 아프카니스탄 · 자바 등지에 분포한다.",http://www.forest.go.kr/images/data/down/story/cho1-338.jpg,http://www.forest.go.kr/images/data/down/story/cho2-338.jpg
76,168,지칭개,밭이나 들,쌍떡잎식물 초롱꽃목 : 국화과의 두해살,"줄기는 곧게 서고 높이가 60~80cm이며 윗부분에서 많은 가지가 갈라진다. 뿌리에서 나온 잎은 꽃이 필 때 말라 없어지고, 줄기 밑 부분에 달린 잎은 거꾸로 세운 바소꼴 또는 거꾸로 세운 바소꼴의 긴 타원 모양이다.     꽃은 5~7월에 자주색으로 피고 가지와 줄기 끝에 두상화로 1개씩 달린다. 열매는 수과이고 긴 타원 모양이며 검은 빛이 도는 갈색이다. 한국 · 일본 · 중국 · 인도 · 오스트레일리아 등지에 분포한다.",http://www.forest.go.kr/images/data/down/story/cho1-340.jpg,http://www.forest.go.kr/images/data/down/story/cho2-340.jpg
77,169,질경이,풀밭이나 길가 또는 빈터,쌍떡잎식물 질경이목 : 질경이과의 여러해살이풀,"줄기는 없고, 잎은 뿌리에서 뭉쳐나오며 타원 모양 또는 달걀 모양이고 길이가 4~15cm, 폭이 3~8cm이며 5개의 나란히맥이 뚜렷하고 가장자리에 물결 모양의 톱니가 있다. 잎자루는 잎몸과 길이가 비슷하고 밑 부분이 넓어져서 서로 얼싸안는다. 꽃은 6~8월에 흰색으로 피고 잎 사이에서 나온 길이 10~50cm이 꽃줄기 윗부분에 수상꽃차례를 이루며 빽빽이 달린다. 
포는 좁은 달걀 모양이고 꽃받침보다 짧으며 대가 없다. 꽃받침은 4개로 갈라지고, 갈라진 조각은 달걀을 거꾸로 세운 모양의 타원형이며 끝이 둥글고 흰색의 막질이다. 화관은 깔때기 모양이고 끝이 4개로 갈라지고 수술은 4개이고 화관 밖으로 길게 나오며, 암술은 1개이고, 씨방은 상위이다. 
열매는 삭과이고 꽃받침 길이의 2배이며 익으면 가운데 부분이 옆으로 갈라져 뚜껑처럼 열리고 6~8개의 종자가 나온다. 종자는 길이가 2mm이고 검은색이다. 한국 · 일본 · 사할린 · 타이완 · 중국 · 시베리아 동부 · 히말라야 · 자바 · 말레이시아 등지에 분포한다.",http://www.forest.go.kr/images/data/down/story/cho1-342.jpg,http://www.forest.go.kr/images/data/down/story/cho2-342.jpg
78,17,노간주나무,산기슭의 양지쪽 특히 석회암 지대,겉씨식물 구과목 : 측백나무과의 상록침엽 교목,"높이 약 8m, 지름 약 20cm이며 잎은 좁은 줄 모양으로 세모나고 3개가 돌려나며 끝은 뾰족하고 겉면 가운데에 흰색의 좁은 홈이 있다. 잎 길이는 12~20mm이다. 꽃은 5월에 피는데 초록빛을 띤 갈색 꽃이 묵은 가지의 잎겨드랑이에 달린다. 
수꽃은 1~3개씩 피고 20개 정도의 비늘조각이 있으며 밑쪽에 4~5개의 꽃밥이 달린다. 암꽃은 1개씩 피고 둥근 모양이며 9개의 열매 조각이 있고 3개의 심피로 되며 그 안에 3개의 밑씨가 있다. 열매는 구과로 다음해 10월에 검은빛을 띤 갈색으로 익는데, 공 모양이며 지름 7~8mm이다. 흰 분비물이 남아 있고 3개의 돌기가 있으며 달콤한 맛이나 약간 쓰다. 한국 · 일본 · 중국 · 몽골 · 시베리아(헤이룽강 유역) 등지에 분포한다.",http://www.forest.go.kr/images/data/down/story/mok2-34.jpg,http://www.forest.go.kr/images/data/down/story/mok1-34.jpg
79,170,참나리,산과 들,외떡잎식물 백합목 : 백합과의 여러해살이풀,"비늘줄기는 흰색이고 지름 5~8cm의 둥근 모양이며 밑에서 뿌리가 나오며 줄기는 높이가 1~2m이고 검은빛이 도는 자주색 점이 빽빽이 있으며 어릴 때는 흰색의 거미줄 같은 털이 있다. 잎은 어긋나고 길이 5~18cm의 바소꼴이며 녹색이고 두터우며 밑 부분에 짙은 갈색의 주아가 달린다. 
꽃은 7~8월에 피고 노란꽃이 도는 붉은색 바탕에 검은빛이 도는 자주색 점이 많으며 지름이 10~12cm이고, 줄기 끝에 4~20개가 밑을 향하여 달린다. 화피 조각은 6개이고 바소꼴이며 뒤로 심하게 말린다. 밀구에 털이 있고, 6개의 수술과 1개의 암술이 길게 꽃 밖으로 나오며, 꽃밥은 짙은 붉은빛을 띤 갈색이다. 한국 · 일본 · 중국 · 사할린 등지에 분포한다.",http://www.forest.go.kr/images/data/down/story/cho1-344.jpg,http://www.forest.go.kr/images/data/down/story/cho2-344.jpg
80,171,참취,산이나 들의 초원,쌍떡잎식물 합판화군 : 초롱꽃목 국화과의 여러해살이풀,"높이 1~1.5m로 윗부분에서 가지가 많이 갈라진다. 뿌리잎은 자루가 길고 심장 모양으로 가장자리에 굵은 톱니가 있으며 꽃필 때쯤 되면 없어진다. 줄기 잎은 어긋나고 밑부분의 것은 뿌리잎과 비슷하며 잎자루에 날개가 있으며 거칠고 양면에 털이 있으며 톱니가 있다. 중앙부의 잎은 위로 올라가면서 점차 작아지고, 꽃이삭 밑의 잎은 타원형 또는 긴 달걀 모양이다. 
잎에 무성아 비슷한 것이 생기는 것은 벌레집이며 꽃은 8~10월에 피고 흰색이며 두화는 산방꽃차례로 달린다. 포는 3줄로 배열하고 설상화는 6~8개이며 관상화는 노란색이며 열매는 수과로 11월에 익는다. 한국 · 일본 · 중국 등지에 널리 분포한다. ",http://www.forest.go.kr/images/data/down/story/cho1-346.jpg,http://www.forest.go.kr/images/data/down/story/cho2-346.jpg
81,172,처녀치마,산지의 그늘 습기가 많은 곳,외떡잎식물 백합목 : 백합과의 여러해살이풀 ,"높이 17~30cm 정도이며 뿌리줄기는 짧고 곧다. 잎은 무더기로 나와서 꽃방석 같이 퍼지고 거꾸로 선 바소꼴이며 녹색으로 윤기가 있다. 꽃줄기는 4월에 잎 중앙에서 나오고 길이 10~15cm이지만 꽃이 진 후에는 60cm 내외로 자라고 3~10개의 꽃이 총상꽃차례로 달린다.
꽃은 4~5월에 피며 지름 2cm 내외이고 연한 홍색에서 자록색으로 변하며, 열매가 성숙할 때까지 남아 있다. 화피갈래조각과 수술은 6개이며 암술머리에 3개의 돌기가 있다. 열매는 삭과로 8월에 익으며 화피갈래조각으로 싸여 있고 3개의 능선이 있으며 포 사이로 터진다. 한국 · 일본 등지에 분포한다. ",http://www.forest.go.kr/images/data/down/story/cho1-348.jpg,http://www.forest.go.kr/images/data/down/story/cho2-348.jpg
82,173,초롱꽃,산지의 풀밭 ,쌍떡잎식물 합판화군 초롱꽃목 : 초롱꽃과의 여러해살이풀,"줄기는 높이 40~100cm이고 전체에 퍼진 털이 있으며 옆으로 뻗어가는 가지가 있다. 뿌리잎은 잎자루가 길고 달걀꼴의 심장 모양이다. 줄기잎은 세모꼴의 달걀 모양 또는 넓은 바소꼴이고 가장자리에 불규칙한 톱니가 있다. 
꽃은 6~8월에 피고 흰색 또는 연한 홍자색 바탕에 짙은 반점이 있으며 긴 꽃줄기 끝에서 밑을  향하여 달린다. 화관은 길이 4~5cm이고 꽃받침은 5개로 갈라지고 털이 있으며 갈래조각 사이에 뒤로 젖혀지는 부속체가 있다. 5개의 수술과 1개의 암술이 있으며 씨방은 하위이고 암술머리는 3개로 갈라진다. 열매는 삭과로 거꾸로 선 달걀 모양이고 9월에 익으며 방향성 식물이다. 한국 · 일본 · 중국에 분포한다.",http://www.forest.go.kr/images/data/down/story/cho1-350.jpg,http://www.forest.go.kr/images/data/down/story/cho2-350.jpg
83,174,톱풀,산과 들  ,쌍떡잎식물 초롱꽃목 : 국화과의 여러해살이풀 ,"높이 50~110cm로 뿌리줄기가 옆으로 뻗으면서 여러 대가 모여 나오고 윗부분에 털이 많이 난다. 잎은 어긋나고 꽃은 양성화로서 7~10월에 피는데, 줄기과 가지 끝에 흰색의 두화가 산방꽃차례로 달린다. 
열매는 수과로서 11월에 익으며 양끝이 납작하고 털이 없다. 한국 · 일본 · 중국 · 동시베리아 · 캄차카반도 · 북아메리카에 분포한다.",http://www.forest.go.kr/images/data/down/story/cho1-352.jpg,http://www.forest.go.kr/images/data/down/story/cho2-352.jpg
84,175,투구꽃,깊은 산골짜기,쌍떡잎식물 미나리아재비목 : 미나리아재비과의 여러해살이풀,"높이 약 1m로 뿌리는 새발처럼 생기고 줄기는 곧게 서고 잎은 어긋나며 손바닥 모양으로 3~5개로 갈라진다. 각 갈래조각은 다시 갈라지지만 위로 올라갈수록 잎이 작아져서 전체가 3개로 갈라진다. 갈래조각에 톱니가 있으며 잎자루가 길며 꽃은 9월에 자주색으로 피고 총상 또는 겹총상꽃차례에 달리며 작은꽃 줄기에 털이 난다. 
꽃받침조각은 꽃잎처럼 생기고 털이 나며 뒤쪽의 꽃잎이 고깔처럼 전체를 위에서 덮는다. 수술은 많고 수술대는 밑부분이 넓어지며 씨방은 3~4개로서 털이 난다. 열매는 골돌과로서 3개가 붙어 있고 타원 모양이며 10월에 익는다. 한국의 속리산 이북, 중국 동북부, 러시아에 분포한다.",http://www.forest.go.kr/images/data/down/story/cho1-354.jpg,http://www.forest.go.kr/images/data/down/story/cho2-354.jpg
85,176,패랭이꽃,"낮은 지대의 건조한 곳, 냇가 모래땅",쌍떡잎식물 중심자목 : 석죽과의 여러해살이풀,"줄기는 빽?이 모여나며 높이 30cm내외로서 위에서 가지가 갈라진다. 잎은 마주나고 밑부분에서 합쳐져서 원줄기를 둘러싸며 줄 모양으로 가장자리가 밋밋하다. 꽃은 양성화로 6~8월에 피고 가지 끝에 1개씩 달리며 붉은색으로 꽃받침은 5개로 갈라지고 밑은 원통형이다. 꽃잎은 5개이며 밑부분이 가늘어지고 현부는 옆으로 퍼지며 끝이 얕게 갈라지고 짙은 무늬가 있다.
수술은 10개, 암술대는 2개이고 열매는 삭과로서 꽃받침으로 싸여 있고 끝에서 4개로 갈라지며 9~10월에 익는다. 밑에 4~6개의 포가 있다. 한국 · 중국에 분포한다.",http://www.forest.go.kr/images/data/down/story/cho1-356.jpg,http://www.forest.go.kr/images/data/down/story/cho2-356.jpg
86,177,하늘매발톱,고산 지대,쌍떡잎식물 미나리아재비목 : 미나리아재비과의 여러해살이풀 ,"뿌리가 굵고 깊게 들어가며 줄기는 30cm내외로 자라며 뿌리에서 잎이 무더기로 나온다. 잎은 2회 작은잎이 3장씩 나온 잎이며 뿌리에서 나온 것은 잎자루가 길다. 작은잎은 삼각형을 거꾸로 세운 듯한 모양이며 2~3개로 얇게 갈라지고 다시 2~3개로 갈라진다. 갈래조각은 끝이 둥글거나 파지고 줄기에는 잎이 2개 달린다. 
꽃은 7~8월에 피고 밝은 하늘색이며 원줄기 끝에 1~3개가 밑을 향하여 달린다. 꽃받침조각은 길이 2~2.5cm이고 꽃잎은 이보다 짧으며 꿀주머니는 둥글고 끝이 가늘어져서 안쪽으로 말린다. 열매는 골돌과로 5개씩이며 털이 없다. 한국(낭림산 이북) · 일본 등지에 분포한다.",http://www.forest.go.kr/images/data/down/story/cho1-358.jpg,http://www.forest.go.kr/images/data/down/story/cho2-358.jpg
87,178,할미꽃,산과 들판의 양지,쌍떡잎식물 미나리아재비목 : 미나리아재비과의 여러해살이풀  ,"곧게 들어간 굵은 뿌리 머리에서 잎이 무더기로 나와서 비스듬히 퍼진다. 잎은 잎자루가 길고 5개의 작은잎으로 된 깃꼴겹잎이며 작은잎은 길이 3~4cm이고 3개로 깊게 갈라지고 꼭대기의 갈래조각은 나비 6~8mm로 끝이 둔하다. 전체에 흰 털이 빽빽이 나서 흰빛이 돌지만 표면은 짙은 녹색이고 털이 없으며, 꽃은 4월에 피고 꽃자루 끝에서 밑을 향하여 달리며 붉은빛을 띤 자주색이다. 꽃자루는 길이 30~40cm이고 작은포는 꽃대 밑에 달려서 3~4개로 갈라지고 꽃자루와 더불어 흰털이 빽빽이 난다. 화피갈래조각은 6개이고 긴 타원형이며 길이 35mm, 나비 12mm이고 겉에 털이 있으나 안쪽에는 없다. 열매는 수과로서 긴 달걀 모양이며 끝에 4cm 내외의 암술대가 남아 있다. 한국 &middot; 중국 &middot; 북동부 &middot; 우수리강 &middot; 헤이룽강에 분포한다.",http://www.forest.go.kr/images/data/down/story/cho1-360.jpg,http://www.forest.go.kr/images/data/down/story/cho2-360.jpg
88,179,현호색,산록의 습기가 있는 곳,쌍떡잎식물 이판화군 양귀비목 : 현호색과의 여러해살이풀,"덩이줄기는&#160;지름&#160;1cm정도이고&#160;여기서&#160;나온&#160;줄기는&#160;20cm&#160;정도&#160;자라는&#160;여러해살이&#160;풀이다.&#160;밑부분에&#160;포&#160;같은&#160;잎이&#160;1개&#160;달리고&#160;거기서&#160;가지가&#160;갈라진다.&#160;잎은&#160;어긋나고&#160;잎자루가&#160;길며&#160;1~2회&#160;3개씩&#160;갈라진다.&#160;갈래조각은&#160;도란형이고&#160;윗부분이&#160;깊게&#160;또는&#160;결각상으로&#160;갈라지며&#160;가장자리에&#160;톱니가&#160;있고&#160;뒷면은&#160;분백색이다.&#160; 
꽃은&#160;4월에&#160;피고&#160;연한&#160;홍자색이며&#160;총상꽃차례로&#160;5~10개가&#160;달린다.&#160;화관은&#160;길이&#160;2.5cm정도이고&#160;뒤쪽은&#160;꿀주머니로&#160;되며&#160;앞쪽은&#160;넓게&#160;퍼져&#160;있으며&#160;꽃잎은&#160;4장이고&#160;꽃은&#160;한쪽으로&#160;넓게&#160;퍼지며&#160;거의&#160;끝이&#160;약간&#160;밑으로&#160;굽는다.&#160;열매는&#160;길이&#160;2cm,&#160;너비&#160;3cm정도로서&#160;선형의&#160;삭과로&#160;익으며&#160;양끝이&#160;좁고&#160;뾰족하며&#160;씨는&#160;둥글도&#160;광택이&#160;있다.&#160;한국&#160;및&#160;중국&#160;동북부를&#160;거쳐&#160;시베리아까지&#160;분포한다.",http://www.forest.go.kr/images/data/down/story/cho1-362.jpg,http://www.forest.go.kr/images/data/down/story/cho2-362.jpg
89,18,노린재나무,산과 들        ,쌍떡잎식물 감나무목 : 노린재나무과의 낙엽활엽관목 또는 소교목,"높이 1~3m이며 나무 껍질은 세로로 갈라지고 가지는 퍼져 나며 작은가지에 털이 난다. 잎은 어긋나고 타원형 또는 긴 타원형의 달걀을 거꾸로 세워놓은 모양이며 노란색이다. 끝으로 갈수록 점차 뾰족해지며 길이 3~7cm, 나비 3~4cm로 잎 앞면은 짙은 녹색이고 털이 없으며, 뒷면에는 털이 나거나 없고 작은 톱니가 있으나 때로 뚜렷하지 않다.
잎자루는 길이 3~8mm이고 5월에 흰꽃이 피는데, 새가지 끝에 원추꽃차례를 이룬다. 꽃차례는 길이 4~8cm이며 포는 줄 모양이며 막질로 일찍 떨어지며 꽃받침과 화관은 5갈래로 갈라지며 화관의 지름은 7~8mm이다, 꽃대에는 털이 나고 꽃잎은 긴 타원형이며 수술은 여러 개이고 열매는 타원형이고 길이 8mm정도이며 9월에 짙은 파란색으로 익는다. 열매가 흰색으로 익는 것은 횐노린재라고 하는데, 강원도에서 자란다. 한국 · 일본 · 중국 · 히말라야산맥 등지에 분포한다.",http://www.forest.go.kr/images/data/down/story/mok2-36.jpg,http://www.forest.go.kr/images/data/down/story/mok1-36.jpg
90,19,노박덩굴,산과 들의 숲속,쌍떡잎식물 무환자나무목 노박덩굴과의 낙엽활엽 덩굴나무,"길이 약 10m로 가지는 갈색 또는 잿빛을 띤 갈색이다. 잎은 타원형이거나 둥근 모양이고 끝은 뾰족하며 밑부분은 둥글고 톱니가 있다. 꽃은 2가화 또는 잡성화이며 5~6월에 피고 빛깔은 노란빛을 띤 녹색이며 취산꽃차례로 잎겨드랑이에서 나와 1~10송이씩 달린다. 
열매는 삭과로 공 모양이며 지름 8mm정도이다. 10월에 노란색으로 익으며 3개로 갈라지고, 종자는 노란빛을 띤 붉은색의 가종피에 싸여 있다. 한국 · 중국 · 일본 · 쿠릴열도 등지에 분포한다.",http://www.forest.go.kr/images/data/down/story/mok2-36.jpg,http://www.forest.go.kr/images/data/down/story/mok1-38.jpg
91,2,가죽나무,얕은 산지,쌍떡잎식물 쥐손이풀목 : 소태나무과의 낙엽 교목,"성장이 빠르고 줄기 지름 50cm, 높이 20~25cm에 이르고 나무껍질은 회갈색이다. 잎은 어긋나고 홀수 1회 깃꼴겹잎이며 길이 45~80cm로 작은잎은 13~25개로 길이 7~12cm, 나비 2~5cm이다. 넓은 바소꼴로 위로 올라갈수록 뾰족해지고 털이 난다. 잎 표면은 녹색이고 뒷면은 연한 녹색으로 털이 많다.  
꽃은 집성화로 원추꽃차례를 이루며 6~7월에 녹색이 도는 흰색의 작은 꽃이 핀다. 열매는 시과로 긴 타원형이며 길이 3~5cm, 나비 8~12mm이다. 프로펠러처럼 생긴 날개 가운데 1개의 씨가 들어있다. 한국 · 일본 · 중국 · 사할린 · 몽골 · 유럽 등지에 분포한다.",http://www.forest.go.kr/images/data/down/story/mok2-4.jpg,http://www.forest.go.kr/images/data/down/story/mok1-4.jpg
92,20,누리장나무,산기슭이나 골짜기의 기름진 땅,쌍떡잎식물 통화식물목 : 마편초과의 낙엽활엽 관목,"높이 약 2m로 나무껍질은 잿빛이며 마주나고 달걀 모양이며 끝이 뾰족하며 밑은 둥글고 가장자리에 톱니가 없으며 양면에 털이 난다. 잎 길이 8~20cm, 나비 5~10cm로 겉에는 털이 없으나 뒷면에는 털이 나며 잎자루는 길이 3~10cm이다. 꽃은 양성화로 8~9월에 엷은 붉은색으로 피며 취산꽃차례로 새가지 끝에 달리며 강한 냄새가 난다. 
꽃받침은 붉은빛을 띠고 5개로 깊게 갈라지며 그 조각은 달걀 모양 또는 긴 달걀모양이다. 화관은 지름 3cm이고 5개로 갈라진다. 열매는 핵과로 둥글며 10월에 짙은 파란빛으로 익는다. 한국(황해 · 강원이남) · 일본 · 타이완 · 중국 등지에 분포한다.",http://www.forest.go.kr/images/data/down/story/mok2-40.jpg,http://www.forest.go.kr/images/data/down/story/mok1-40.jpg
93,21,느티나무,"산기슭,골짜기 또는 마을 부근",쌍떡잎식물 쐐기풀목 : 느릅나무과의 낙엽활엽 교목,"높이는 26m, 지름이 3m로 굵은 가지가 갈라지고, 나무껍질은 회백색이고 늙은나무에서는 비늘처럼 떨어진다. 피목은 옆으로 길어지고, 어린 가지에 잔털이 빽빽이 있다. 잎은 어긋나고 긴 타원 모양 또는 달걀 모양이며 길이가 2~12cm, 폭이 1~5cm이고 표면이 매우 거칠거칠하며 끝이 뾰족해진다. 잎 가장자리에 톱니가 있고, 잎맥은 주맥에서 갈라진 8~18쌍의 측맥이 평행을 이루며, 잎자루는 1~3mm로 매우 짧다. 꽃은 암수한그루이고 5월에 취산꽃차례를 이루며 피는데, 수꽃은 어린가지의 밑부분 잎겨드랑이에 달리고, 암꽃은 윗부분 잎겨드랑이에 달린다.  
수꽃의 화피는 4~6개로 갈라지고, 수술은 4~6개이며 암꽃은 퇴화된 수술과 암술대가 2개로 갈라진 암술이 있다. 열매는 핵과로 일그러진 납작한 공 모양이고 딱딱하며 지름이 4mm이고 뒷면에 모가 난 줄이 있으며 10월에 익는다. 한국(평남 · 함남 이남지역) · 일본 · 몽골 · 중국 · 시베리아 · 유럽 등지에 분포한다.",http://www.forest.go.kr/images/data/down/story/mok2-42.jpg,http://www.forest.go.kr/images/data/down/story/mok1-42.jpg
94,22,능금나무,전국 어디서나 잘 자람,쌍떡잎식물 장미목 : 장미과의 낙엽활엽 소교목 ,"높이는 10m이고, 여러가지에 털이 많다. 잎은 어긋나고 달걀 모양 또는 타원 모양이고 끝이 뾰족하며 밑은 뭉뚝하고 잎 앞면에 잔털이 있으나 점차 없어지며, 뒷면에 솜털이 있다. 
잎 가장자리에는 잔톱니가 있으며 잎자루는 길이가 1~4cm이고 털이 있다. 꽃은 4~5월에 피고 짧은 가지에 우산 모양을 이루며 4~7개가 달린다. 열매는 이과이고 지름이 4~5.5cm이며 10월에 노란빛을 띤 붉은색으로 익고 겉에 흰 가루가 덮여 있다. ",http://www.forest.go.kr/images/data/down/story/mok2-44.jpg,http://www.forest.go.kr/images/data/down/story/mok1-44.jpg
95,23,다래,깊은 산 숲 속,쌍떡잎식물 측막태좌목 : 다래나무과의 낙엽 덩굴나무,"덩굴 식물로 길이가 7m에 달한다. 줄기의 골속은 갈색이며 계단모양이고 어린가지에 잔털이 있으며 피목이 뚜렷하다. 잎은 어긋나고 길이가 6~12cm, 폭이 3.5~7cm이며 넓은 달걀 모양이거나 넓은 타원 모양 또는 타원 모양이고 끝이 급하게 뾰족하고 밑부분이 둥글다.
잎 앞면에는 털이 없고 뒷면 맥 위에 갈색 털이 났다가 없어지며 잎 가장자리에는 가는 톱니가 있고, 잎자루는 길이가 3~8cm이고 누운  털이 있다. 꽃은 암수딴그루이고 5월에 흰색으로 피며 잎겨드랑이에 취산꽃차례를 이루며 3~10개가 달린다. 꽃받침 조각은 5개이고 긴 타원 모양이며, 꽃잎은 5개이고 밑 부분이 갈색을 띤다. 
수꽃에는 많은 수술이 있고, 암꽃에는 1개의 암술만이 있으며 암술 끝이 여러갈래로 갈라진다. 열매는 장과이고 길이 2~3cm의 달걀 모양의 원형이며 10월에 황록색으로 익는다. 한국 · 일본 · 중국(만주) · 우수리강 유역 · 사할린 등지에 분포한다.",http://www.forest.go.kr/images/data/down/story/mok2-46.jpg,http://www.forest.go.kr/images/data/down/story/mok1-46.jpg
96,24,다릅나무,산,쌍떡잎식물 장미목 : 콩과의 낙엽활엽 교목,"높이는 15m로 나무 껍질은 엷고 녹갈색이고 광택이 있다. 잎은 어긋나며 홀수 1회 깃꼴겹잎이며 작은 잎은 타원 모양 또는 긴 달걀 모양이며 길이가 5~8cm이고 끝이 뾰족하며 밑 부분이 둥글고 가장자리가 밋밋하다. 꽃은 7월에 흰색으로 피고 가지 끝에 길이 10~20cm의 총상꽃차례 또는 원추꽃차례를 이루며 달린다.
꽃의 지름은 8mm로 꽃받침은 4개로 얕게 갈라지고, 갈라진 조각은 삼각형이다. 기판은 긴 타워 모양이고 끝이 오목하며, 익판은 끝이 둥글고, 용골판은 긴 타원 모양이다. 수술은 10개이고, 열매는 협과이며 넓은 줄 모양이다. 한국 · 중국(만주) · 우수리강 유역에 분포한다. ",http://www.forest.go.kr/images/data/down/story/mok2-48.jpg,http://www.forest.go.kr/images/data/down/story/mok1-48.jpg
97,25,닥나무,산기슭 양지쪽이나 밭둑,쌍떡잎식물 쐐기풀목 : 뽕나무과의 낙엽활엽 관목,"높이는 3m에 달하고 작은 가지에 짧은 털이 있으나 곧 없어지며 나무 껍질은 회갈색이다. 잎은 어긋나고 길이가 5~20cm이며 달걀 모양 또는 긴  달걀모양이고 끝부분이 길고 뾰족하며 밑 부분은 둥글다. 
잎 가장자리는 톱니가 있고 2~3개로 깊게 패어 들어가 있으며 앞면은 거칠고 뒷면에는 짧은 털이 있으나 곧 없어진다. 꽃은 암수 한그루이고 봄에 핀 잎과 같이 핀다. 열매는 핵과이고 둥글며 10월에 붉은빛으로 익는다. 한국 · 일본 · 대만 · 중국에 분포한다.",http://www.forest.go.kr/images/data/down/story/mok2-50.jpg,http://www.forest.go.kr/images/data/down/story/mok1-50.jpg
98,26,당단풍,산,쌍떡잎식물 무환자나무목 : 단풍나무과의 낙엽활엽 교목,"지름이 30cm, 높이 8m이며, 나무껍질은 회색이고 가지는 적갈색을 띤다. 잎은 마주나고 길이 7~10cm의 손바닥 모양이며 9~11개로 깊게 갈라지며 잎 끝이 뾰족하고 가장자리에는 겹톱니가 있으며, 앞면에는 털이 있거나 없으며 뒷면에는 맥을 따라 연한 털이 있다. 
꽃은 5월에 피고 산방꽃차례를 이루며 10~20개가 가지 끝에 달리는데, 그 중 양성화는 2~3개이다. 꽃잎은 4개이고, 수꽃에는 암술의 흔적과 4~8개의 수술이 있으며, 꽃받침은 5~6개로 갈라진다. 열매는 시과이고 9~10월에 익으며 털이 없고 열매의 날개는 긴 타원 모양이고 두 날개가 70 °로 벌어진다. 한국 · 중국(만주) · 우수리강유역에 분포한다. 
",http://www.forest.go.kr/images/data/down/story/mok2-52.jpg,http://www.forest.go.kr/images/data/down/story/mok1-52.jpg
99,27,대추나무,마을 부근 재배,쌍떡잎식물 갈매나무목 : 갈매나무과의 낙엽활엽 교목,"나무에 가시가 있고 마디 위에 작은 가시가 다발로 난다. 잎은 어긋나고 달걀 모양 또는 긴 달걀 모양이며 3개의 잎맥이 뚜렷이 보이며 잎의 윗면은 연한 초록색으로 약간 광택이 나며 잎 가장자리에 잔 톱니들이 있다. 잎자루에 가시로 된 턱잎이 있으며 6월에 연한 황록색 꽃이 피며 잎겨드랑이에서 짧은 취산꽃차례를 이루며 꽃받침조각 · 꽃잎 · 수술은 각각 5개이고 암술은 1개이다. 
열매는 핵과로 타원형이고 표면은 적갈색이며 윤이 나며 외과피는 얇은 혁질이고 점착성이 있으며 갯솜과 같다. 내과피는 딱딱하고 속에 종자가 들어 있으며, 9월에 빨갛게 익는다. 한국과 중국을 비롯한 아시아 · 유럽 등지에 분포한다.",http://www.forest.go.kr/images/data/down/story/mok2-54.jpg,http://www.forest.go.kr/images/data/down/story/mok1-54.jpg
100,28,두릅나무,산기슭 양지쪽이나 골짜기,쌍떡잎식물 산형화목 : 두릅나무과의 낙엽활엽 관목,"높이는 3~4m로 줄기는 그리 갈라지지 않으며 억센 가시가 많다. 잎은 어긋나고 홀수 2회 깃꼴겹잎이며 잎자루와 작은잎에 가시가 있으며 작은 잎은 넓은 달걀 모양 또는 타원상 달걀모양으로 끝이 뾰족하고 밑은 둥글다.
8~9월에 가지 끝에 산형꽃차례를 이루고 백색 꽃이 핀다. 열매는 핵과로 둥글고 10월에 검게 익으며, 종자는 뒷면에 좁쌀 같은 돌기가 약간 있다. 한국 · 일본 · 사할린 · 중국 · 만주 등지에 분포한다.",http://www.forest.go.kr/images/data/down/story/mok2-56.jpg,http://www.forest.go.kr/images/data/down/story/mok1-56.jpg
101,29,딱총나무,산골짜기 ,쌍떡잎식물 합판화군 꼭두서니목 : 인동과의 낙엽활엽 관목,"높이는 3m 내외이고 덩굴처럼 자라며 줄기의 속이 어두운 갈색이다. 나무껍질은 회갈색이며 코르크질이 발달하고 길이 방향으로 깊게 갈라진다. 어린 가지는 연한 초록빛이며 마디 부분은 보라색을 띠며 잎은 마주나고 2~3쌍의 작은 잎으로 된 홀수 1회 깃꼴겹잎이다. 작은 잎은 길이 5~14cm로 긴 타원형 또는 타원형의 달걀 모양이고 끝은 뾰족하며 밑은 날카롭고 가장자리에 톱니가 있다.  
 꽃은 5월에 피고 돌기가 있으며 짧은 원추꽃차례를 이루며 화관은 황록색이 돌고 털이 없으며, 꽃밥은 노란색이다. 열매는 핵과로 공 모양이며 7월에 붉게 익는다. 한국(전남 · 경남 · 경북 · 충남 · 강원 · 경기 · 평북 · 함남 · 함북) · 일본 · 중국 · 우수리 등지에 분포한다.",http://www.forest.go.kr/images/data/down/story/mok2-58.jpg,http://www.forest.go.kr/images/data/down/story/mok1-58.jpg
102,3,갈매나무,골짜기와 냇가,쌍떡잎식물 갈매나무목 : 갈매나무과의 낙엽활엽 관목,"높이는 5m정도이며, 가지 끝이 변하여 된 가시가 있다. 잎은 마주나고 거꾸로 선 달걀 모양 또는 긴 타원형으로 끝이 뾰족하며 잎맥에 털이 있다. 잎 뒷면은 회록색이고 가장자리에 톱니가 있으며 잎자루는 6~25mm이고 턱잎은 가늘며 빨리 떨어진다. 꽃은 단성화로 가지 밑쪽의 잎겨드랑이에 1~2개씩 달리고, 수술에 퇴화된 암술이 있으며, 암꽃에는 꽃밥이 없는 수술이 있다. 
꽃받침은 달걀 모양으로 5~6월에 청록색의 꽃이 핀다. 열매는 둥글고 9~10월에 검은색으로 익으며 지름이 7mm정도의 원형이며 2개의 씨가 들어 있고 가을에 열매를 채취하여 밖에 묻어두었다가 봄에 파종한다. 한국 · 중국 동북부 · 아무르 · 우수리 등지에 분포한다. ",http://www.forest.go.kr/images/data/down/story/mok2-6.jpg,http://www.forest.go.kr/images/data/down/story/mok1-6.jpg
103,30,땅비싸리,산기슭 ,쌍떡잎식물 이판화군 장미목 : 콩과의 낙엽활엽 관목,"높이는 1m정도이고 뿌리에서 많은 싹이 나온다. 여러 개의 줄기가 올라오며 가지에 세로로 된 줄 모양의 돌기가 있다. 잎은 어긋나고 홀수 1회 깃꼴겹잎이며 작은 잎은 7~11개로 두껍고 원형 · 타원형 또는 거꾸로 선 달걀 모양이며 양면에 털이 있다. 
길이 2cm정도의 적자색 꽃이 5~6월에 피고, 잎 겨드랑이에서 총상꽃차례를 이룬다. 꽃받침은 길이 3mm정도이며 기판의 겉에 털이 나 있으며 열매는 협과로 줄 모양이고 10월에 익는다.  중국 만주 등지와 함경북도를 제외한 전국 각지에 분포한다.",http://www.forest.go.kr/images/data/down/story/mok2-60.jpg,http://www.forest.go.kr/images/data/down/story/mok1-60.jpg
104,31,때죽나무,산기슭 ,쌍떡잎식물 합판화군 감나무목 : 때죽나무과의  낙엽소교목,"낙엽 소교목으로 높이는 10m 내외로 가지에 성모가 없어지고 표피가 벗겨지면서 다갈색으로 된다. 잎은 어긋나고 달걀 모양 또는 긴 타원형이며 가장자리는 밋밋하거나 톱니가 약간 있다. 
꽃은 단성화이고 종 모양으로 생겼으며 5~6월에 지름 1.5~3.5cm의 흰색 꽃이 잎겨드랑이에서 총상꽃차례로 2~5개씩 밑을 향해 달린다. 꽃부리는 5갈래로 깊게 갈라지며 수술은 10개이고 수술대의 아래쪽에는 흰색 털이 있다. 
열매는 삭과로 길이 1.2~1.4cm의 달걀형의 공 모양으로 9월에 익고 껍질이 터져서 종자가 나온다. 한국(중부 이남) · 일본 · 필리핀 · 중국 등지에 분포한다.",http://www.forest.go.kr/images/data/down/story/mok2-62.jpg,http://www.forest.go.kr/images/data/down/story/mok1-62.jpg
105,32,말채나무,계곡,쌍떡잎식물 산형화목 : 층층나무과의 낙엽교목 ,"높이 약 10m로 나무 껍질은 검은 빛을 띤 갈색으로 그물같이 갈라진다. 잎은 마주나고 넓은 달걀 모양이거나 타원형으로 양면에 복모가 약간 나며 가장자리가 밋밋하고 측맥은 4~5쌍이다. 
꽃은 5~6월에 피고 흰색이며 취산꽃차례에 달린다. 열매는 핵과로서 둥글고 9~10월에 검게 익는다. 한국 · 중국 등지에 분포한다.",http://www.forest.go.kr/images/data/down/story/mok2-64.jpg,http://www.forest.go.kr/images/data/down/story/mok1-64.jpg
106,33,매화말발도리,산지의 바위틈,쌍떡잎식물 장미목 : 범의귀과의 낙엽 관목 ,"높이 약 1m로 나무껍질은 잿빛이고 불규칙하게 벗겨진다. 잎은 마주나고 타원형 이거나 넓은 바소꼴이며 가장자리에 잔 톱니가 있고 양면에 4~6개로 갈라진 성모가 나며, 길이는 4~6cm이다. 
꽃은 5월에 피고 흰색이며 묵은 가지에 1~3개씩 달리는데, 꽃 밑에 1~2개의 잎이 달리기도 한다. 꽃받침통은 씨방과 붙어 있고 작은 꽃자루와 더불어 성모가 빽빽이 난다. 꽃받침조각과 꽃잎은 5개씩이고 수술은 10개이며 수술대는 양쪽에 날개가 있다. 씨방은 하위이고 암술대는 3개로 갈라지며 열매는 종 모양의 삭과로서 9월에 익으며 3개의 홈이 있고 암술대가 남아 있다. 한국(중부이남) · 일본에 분포한다. ",http://www.forest.go.kr/images/data/down/story/mok2-66.jpg,http://www.forest.go.kr/images/data/down/story/mok1-66.jpg
107,34,모감주나무,바닷가,쌍떡잎식물 무환자나무목 : 무환자나무과의 낙엽 소교목,"잎은 어긋나며 1회 깃꼴겹잎이고 작은잎은 달걀모양이며 가장자리는 깊이 패어 들어간 모양으로 갈라진다.
꽃은 7월에 피고 원추꽃차례의 가지에 수상으로 달리며 황색이지만 밑동은 적색이다. 열매는 꽈리같이 생기고 3개로 갈라져서 3개의 검은 종자가 나온다. 한국(황해도와 강원 이남) · 일본 · 중국 등지에 분포한다.",http://www.forest.go.kr/images/data/down/story/mok2-68.jpg,http://www.forest.go.kr/images/data/down/story/mok1-68.jpg
108,35,무궁화,깊은 산을 제외한 전지역,쌍떡잎식물 아욱목 : 아욱과의 낙엽관목,"내한성으로 높이 2~4m이고 때로는 거의 교목이 되는 것도 있으며 전체에 털이 없고 많은 가지를 치며 회색을 띤다. 잎은 늦게 돋아나고 어긋나며 자루가 짧고 마름모꼴 또는 달걀 모양으로 길이 4~6cm, 너비 2.5~5cm며 얕게 3개로 갈라지며 가장자리에 불규칙한 톱니가 있다. 표면에는 털이 없으나 잎 뒷면에는 털이 있고 꽃은 반드시 새로 자란 잎겨드랑이에서 하나씩 피고 대체로 종모양이며 자루는 짧다. 
꽃은 지름 7.5cm정도이고 보통 홍자색 계통이나 흰색 · 연분홍색 · 분홍색 · 다홍색 · 보라색 · 자주색 · 등청색 · 벽돌색 등이 있다. 꽃의 밑둥에는 진한 색의 무늬가 있는 경우가 많다. 무늬에 진한 빛깔의 맥이 밖을 향하여 방사상으로 뻗으며 꽃은 홀꽃과 여러 형태의 겹꽃이 있다. 홀꽃의 꽃잎은 대체로 달걀을 거꾸로 세운 모양으로 5개인데 밑동에서는 서로 붙었으며 겹꽃은 수술과 암술이 꽃잎으로 변한 것으로 암술이 변한 정도에 따라 다양하다. 
수술은 많은 단체수술이고 암술대는 수술통 중앙부를 뚫고 나오며 암술머리는 5개이다. 꽃받침조각은 달걀 모양 바소꼴인데 성모가 있고, 외부에는 꽃받침보다 짧은 줄 모양의 외악이 있다. 열매는 길쭉한 타원형으로 5실이고 10월애 익으며 5개로 갈라진다. 종자는 편평하며 털이 있다. 꽃이 아름답고 꽃피는 기간이 7~10월로 길다. 한국 · 싱가포르 · 홍콩 ·  타이완 등지에서 심어 재배하고 있다.",http://www.forest.go.kr/images/data/down/story/mok2-70.jpg,http://www.forest.go.kr/images/data/down/story/mok1-70.jpg
109,36,물박달나무,전국의 산기슭,쌍떡잎식물 참나무목 : 자작나무과의 낙엽교목 ,"높이는 20m에 달하고, 나무껍질은 회색을 띤 갈색 또는 회색이며 얇은 조각으로 벗겨진다. 작은 가지는 검은빛이 도는 짙은 갈색이고 털과 지점이 있다. 잎은 길이 3~8cm의 달걀모양이고 끝이 뾰족하며 가장자리에 불규칙한 톱니가 있다. 잎의 맥 위에는 털이 있고, 측맥은 7~8쌍이며, 잎 뒷면에는 지점이 많다. 꽃은 단성화이고 암수 한그루이며 5월에 핀다.
수꽃이삭은 밑으로 처지고 길이가 6~7cm이며 포는 갈색이고 털이 있으며 암꽃이삭은 곧게 서고 길이 4cm의 원통 모양이며 포는 갈색이다. 열매는 견과이고 길이 4mm의 타원 모양이며 붉은빛을 띤 갈색이고 날개가 있으며 9월 하순에 익으며 10월에 떨어진다. 한국(경기와 강원 이북) · 중국 동북부 · 우수리 유역 · 아무르 · 일본 등지에 분포한다.",http://www.forest.go.kr/images/data/down/story/mok2-72.jpg,http://www.forest.go.kr/images/data/down/story/mok1-72.jpg
110,37,물오리나무,산지        ,쌍떡잎식물 너도밤나무목 : 자작나무과의 낙엽교목,"높이는 20m에 달하고, 나무껍질은 검은빛이 도는 짙은 갈색이고 회색의 피목이 있다. 어린가지는 털이 빽빽이 있고, 겨울눈에 털이 있다. 잎은 어긋나고 넓은 달걀 모양 또는 타원형의 달걀 모양이며 길이가 6~14cm이고 끝이 뾰족하다. 잎 가장자리는 5~8개로 얕게 갈라지고 톱니가 있으며, 잎의 표면은 짙은 녹색이고 맥 위에 잔털이 있으며, 뒷면은 잿빛을 띤 흰색이고 갈색 털이 있다. 
잎자루는 길이가 2~4cm이고 털이 있다. 꽃은 암수한그루이고 3~4월에 피며 가지 끝 또는 잎겨드랑이에 수꽃이삭이 2~4개씩 달리고 암꽃이삭은 그 밑에 3~5개씩 달린다. 열매이삭은 가지 끝에 3~4개씩 달리고 길이 1.5~2cm의 타원 모양 또는 긴 타원형의 달걀 모양이며 검은빛이 도는 짙은 갈색이며, 10월에 익는다. 한국 · 일본 · 중국 동북부 · 시베리아 · 사할린 등지에 분포한다.                                                        ",http://www.forest.go.kr/images/data/down/story/mok2-74.jpg,http://www.forest.go.kr/images/data/down/story/mok1-74.jpg
111,38,물푸레나무,산기슭이나 골짜기 물가,쌍떡잎식물 용담목 : 물푸레나무과의 낙엽교목 ,"높이는 10m이고 나무껍질은 회색을 띤 갈색이며 잿빛을 띤 흰 빛깔의 불규칙한 무늬가 있다. 잎은 마주나고 홀수 1회 깃꼴겹잎이고, 작은 잎은 5~7개이며 길이 6~15cm의 넓은 바소 모양 또는 바소모양이고 가장자리에 물결 모양의 톱니가 있으며 앞면에 털이 없고 뒷면 맥 위에 털이 있다. 
꽃은 암수딴그루이지만 양성화가 섞이는 경우도 있으며, 5월에 피고 어린가지의 잎겨드랑이에 원추꽃차례를 이루며 달린다. 수꽃은 수술과 꽃받침조각이 각각 2개이고, 암꽃은 꽃받침조각 · 수술 · 암술이 각각 2~4개이고 꽃잎은 거꾸로 세운 바소 모양이다. 열매는 시과이고 길이가 2~4cm이며 9월에 익는다. 열매의 날개는 바소 모양 또는 긴 바소모양이다. 한국 · 중국 등지에 분포한다.",http://www.forest.go.kr/images/data/down/story/mok2-76.jpg,http://www.forest.go.kr/images/data/down/story/mok1-76.jpg
112,39,미역줄나무,산기슭이나 골짜기,쌍떡잎식물 무환자나무목 : 노박덩굴과의 낙엽 덩굴식물,"길이는 2m이고, 가지는 적갈색이며 혹 모양의 돌기가 빽빽이 나고 5개의 모가 난 줄이 있다. 잎은 어긋나고 길이 5~15cm의 달걀 모양 또는 타원 모양이며 밝은 녹색이고 뒷면의 맥 위에 털이 있으며 가장자리에 둔한 톱니가 있다. 잎자루는 길이가 1.5~3cm이다. 꽃은 6~7월에 흰색으로 피고 잎겨드랑이 또는 가지 끝에 길이 10~25cm의 원추꽃차례를 이루며 달린다. 
꽃의 지름은 5~6mm이고, 꽃받침조각 · 꽃잎 · 수술은 5개씩이며, 암술은 1개이고, 씨방은 3실이고 삼각형이다. 열매는 시과이고 넓은 바소 모양이며 연한 녹색이지만 흔히 붉은빛이 돌고 9~10월에 익으며 3개의 날개가 있다. 날개는 끝이 오목하고 길이와 폭이 각각 12~18mm이다. 한국 · 일본 · 중국 등지에 분포한다.",http://www.forest.go.kr/images/data/down/story/mok2-78.jpg,http://www.forest.go.kr/images/data/down/story/mok1-78.jpg
113,4,개나리,산기슭 양지,쌍떡잎식물 용담목 : 물푸레나무과의 낙엽 관목,"높이 약3m로 가지 끝이 밑으로 처지며, 잔가지는 처음에는 녹색이지만 점차 회갈색으로 변하고 껍질눈이 뚜렷하게 나타난다. 잎은 마주나고 타원형이며 톱니가 있고 길이 3~12cm로 잎 앞면은 짙은 녹색이고 뒷면은 황록색인데 양쪽 모두 털이 없다. 잎자루는 길이 1~2cm로 4월에 잎겨드랑이에서 노란색 꽃이 1~3새씩 피며 꽃자루는 짧다. 꽃받침은 4갈래이며 녹색으로 화관은 길이 2.5cm정도이고 끝이 4갈래로 깊게 갈라지는데 갈라진 조각은 긴 타원형이다.  
수술은 2개이고 화관에 붙어 있으며 암술은 1개로 암술대가 수술보다 위로 솟은 것은 암꽃이고, 암술대가 짧아 수술 밑에 숨은 것은 수꽃이며 열매는 9월에 삭과로 달리는데, 길이는 1.5~2cm이고 달걀 모양이다. 한국(함경남도 · 함경북도를 제외한 전국) · 중국에 분포한다.",http://www.forest.go.kr/images/data/down/story/mok2-8.jpg,http://www.forest.go.kr/images/data/down/story/mok1-8.jpg
114,40,박달나무,깊은 산,쌍떡잎식물 참나무목 : 자작나무과의 낙엽교목 ,"박달나무 잎은 호생하나 단지에서는 2개씩 무더기로 나며 잎표면은 녹색으로 털은 없고 뒷면에는 지점이 있고, 맥상에 털이 있으며 담록색이다. 엽병은 5~20mm로서 털이 있고 잎 크기는 손바닥 반만 하고 달걀모양으로 밑은 둥글고 끝은 뾰족하며 톱니가 있으며 길이 7~14cm로 가장자리에 불규칙한 이중의 톱니가 있고, 엽맥은 12~20쌍이 있다. 
앞 뒷면을 손으로 만지면 약간 끈적끈적한 것이 박달나무의 특징이며 꽃은 5월에 암수 한 나무로 앞꽃은 2개씩 위로 서서 피며 수꽃은 1개씩 피고 수술이 4~8개로 가지 끝에 내려 숙여서 매달려 핀다. 열매는 타원형으로 좁은 날개가 있으나 포린은 측편이 피침형이며 이와 비슷한 것으로 난형이며 길이 1.5~2cm이고 포린의 측편이 녹상피침형인 것을 개박달나무라고 하며 우리나라 전역에서 자라고 있다.",http://www.forest.go.kr/images/data/down/story/mok2-80.jpg,http://www.forest.go.kr/images/data/down/story/mok1-80.jpg
115,41,박쥐나무,숲속 돌지대,쌍떡잎식물 산형화목 : 박쥐나무과의 낙엽관목,높이 3m 정도로 줄기는 밑에서 올라와 수형을 만들고 수피는 검은빛을 띤 자주색으로 외피가 흔히 벗겨진다. 작은 가지에 털이 있으나 곧 없어지고 어릴 때는 녹색이다. 잎은 어긋나고 사각 모양 원형이며 길이와 나비가 7~20cm로서 끝이 3~5개로 얕게 갈라지고 가장자리가 밋밋하다.또한 양면에 잔 털이 있고 밑에서 손바닥 모양 맥이 갈라지며 잎자루는 길이 2~4cm이다. 꽃은 양성화이며 5~7월에 노란빛을 띤 흰색으로 피고 취산꽃차례에 달리며 작은 꽃자루에 환절이 있고 꽃잎은 줄 모양이며 밑이 서로 붙고 꽃이 피면 뒤로 말린다. 열매는 핵과로서 타원형이고 하늘색으로 9월에 성숙하며 길이 6~8mm이다. 한국 · 중국 동북부 · 일본에 분포한다.,http://www.forest.go.kr/images/data/down/story/mok2-82.jpg,http://www.forest.go.kr/images/data/down/story/mok1-82.jpg
116,42,붉나무,산지        ,쌍떡잎식물 무환자나무목 : 옻나무과의 낙엽관목,"높이 3m 내외로 굵은가지는 드문드문 나오며 작은 가지에는 노란빛을 띤 갈색털이 있으며 잎은 어긋나고 7~13개의 작은잎으로 된 깃꼴겹잎이며 우축에 날개가 있다. 작은잎은 달걀 모양으로 굵은 톱니가 있고 뒷면에 갈색 털이 있으며 잎이 떨어지는 넓은 잎나무로서 크게 자랐을 때는 지름이 10여cm에 이르기도 한다.  
흔히 혼동하는 옻나무나 개옻나무는 잎자루에 이런 날개가 없으므로 조금만 관심있게 보면 금세 구분 할 수 있다. 작은 잎은 타원형이며 끝이 차츰 뾰족해지고 가장자리에 드문드문 톱니가 있다. 꽃은 암수 다른 나무이고 가지의 꼭대기에 원뿔모양의 꽃차례에 달리고 8월에서 9월에 걸쳐 연한 노랑 빛의 꽃이 핀다.  꽃이 지면 속에 단단한 종자가 들어 있는 열매가 지천으로 달리는데 황갈색의 잔털로 덮여 있으며 익으면 맛이 시고 짠맛이 도는 흰빛 육질이 생긴다. ",http://www.forest.go.kr/images/data/down/story/mok2-83.jpg,http://www.forest.go.kr/images/data/down/story/mok1-83.jpg
117,43,박태기나무,산기슭이나 골짜기,쌍떡잎식물 장미목 : 콩과의 낙엽관목 ,"높이 3~5m로 자라고 가지는 흰빛이 돈다. 잎은 길이 5~8cm, 나비 4~8cm로 어긋나고 심장형이며 밑에서 5개의 커다란 잎맥이 발달한다. 잎면에 윤기가 있으며 가장자리는 밋밋하다. 꽃은 이른봄 잎이 피기 전에 피고 7~8개 또는 20~30개씩 한 군데 모여 달린다. 
꽃줄기가 없고 작은 꽃자루는 길이 6~15mm로 꽃받침과 더불어 붉은빛을 띤 갈색이다. 꽃은 홍색을 띤 자주색이고 길이 1cm내외이며 열매는 협과로서 꼬투리는 길이 7~12cm이고 편평한 줄 모양 타원형으로 8~9월에 익으며 2~5개의 종자가 들어 있다.",http://www.forest.go.kr/images/data/down/story/mok2-86.jpg,http://www.forest.go.kr/images/data/down/story/mok1-86.jpg
118,44,밤나무,산기슭이나 밭둑,쌍떡잎식물 참나무목 : 참나무과의 낙엽교목,"높이 10~15m, 지름 30~40cm로 나무껍질은 세로로 갈라지며 작은가지는 자줏빛을 띤 붉은갈색이며, 짧은 털이 나지만 나중에 없어진다. 잎은 어긋나고 곁가지에서는 2줄로 늘어서며, 타원형 · 긴 타원형 또는 타원 모양의 바소꼴이다. 길이 10~20cm, 나비 4~6cm이고 물결 모양의 끝이 날카로운 톱니가 있다. 
겉면은 짙은 녹색이며 윤이 나고, 뒷면은 성모가 나고 잎자루는 1~1.5cm이다. 꽃은 암수한그루로서 6월에 피며 수꽃은 꼬리모양의 긴 꽃 이삭에 달리고, 암꽃은 그 밑에 2~3개가 달린다. 열매는 견과로서 9~10월에 익으며, 1송이에 1개 또는 3개씩 들어있다. 밤나무속 식물은 아시아 · 유럽 · 북아메리카 · 북아프리카 등의 온대지역에 13종이 분포한다. ",http://www.forest.go.kr/images/data/down/story/mok2-88.jpg,http://www.forest.go.kr/images/data/down/story/mok1-88.jpg
119,45,백당나무,산지의 습한 곳,쌍떡잎식물 꼭두서니목 : 인동과의 낙엽 관목 ,"높이 약3m로 나무껍질은 불규칙하게 갈라지며 코르크층이 발달한다. 새가지에 잔털이 나며 겨울눈은 달걀 모양이다. 잎은 마주나고 넓은 달걀 모양이며 끝이 3개로 갈라져서 양쪽의 것은 밖으로 벌어지지만 위쪽에 달린 잎은 갈라지지 않으며, 가장자리에 톱니가 있다.
꽃은 5~6월에 흰색으로 피고 산방꽃차례에 달리며 꽃이삭 주변에 중성화가 달린다. 열매는 핵과로서 둥글고 지름 8~10mm이며 붉게 익는다. 한국 · 일본 · 사할린섬 · 중국 · 헤이룽강 · 우수리강 등지에 분포한다.",http://www.forest.go.kr/images/data/down/story/mok2-90.jpg,http://www.forest.go.kr/images/data/down/story/mok1-90.jpg
120,46,버드나무,들과 냇가,쌍떡잎식물 버드나무목 : 버드나무과의 낙엽교목 ,"높이 약 20m, 지름 약 80cm로 나무껍질은 검은 갈색이고 얕게 갈라지며 작은가지는 노란빛을 띤 녹색으로 밑으로 처지고 털이 나지만 없어진다. 잎은 어긋나고 바소꼴이거나 긴 타원형이며 길이 5~12cm, 나비 7~20cm로 끝이 뾰족하고 가장자리에 안으로 굽은 톱니가 있다. 
잎자루는 길이 2~10mm이고 털이 없거나 약간 난다. 꽃은 4월에 피고 암수딴그루로 수꽃은 길이 1~2cm이며 꿀샘과 수술이 2개씩이고 수술대 밑에는 털이 나며 암꽃은 길이 1~2cm이고 1~2개의 꿀샘이 있다. 꽃대에 털이 나고 포는 녹색의 달걀 모양이며 털이 나고 씨방은 달걀 모양으로 자루가 없으며 털이 나고 암술대는 약간 길며 암술머리는 4개이다. 열매는 삭과로서 5월에 익으며 털이 달린 종자가 들어 있다. 한국 · 일본 · 중국 북동부 등지에 분포한다.",http://www.forest.go.kr/images/data/down/story/mok2-92.jpg,http://www.forest.go.kr/images/data/down/story/mok1-92.jpg
121,47,벚나무,산지        ,쌍떡잎식물이판화군장미목 : 장미과의 낙엽교목,"높이 20m에 달하고 나무껍질이 옆으로 벗겨지면 검은 자갈색이고 작은가지에 털이 없다. 잎은 어긋나고 달걀 모양 또는 달걀 모양의 바소꼴로 끝이 급하게 뾰족하며 밑은 둥글거나 넓은 예저로 길이 6~12cm이다. 잎 가장자리에 침 같은 겹톱니가 있다. 털이 없고 처음에는 적갈색 또는 녹갈색이지만 완전히 자라면 앞면은 짙은 녹색, 뒷면은 다소 분백색이 도는연한 녹색이 된다.
잎자루는 길이 2~3cm이며 2~4개의 꿀샘이 있다. 꽃은 4~5월에 분홍색 또는 흰색으로 피며 2~5개가 산방상 또는 총상으로 달린다. 꽃자루에 포가 있으며 작은꽃자루와 꽃받침통 및 암술대에는 털이 없다. 열매는 둥글고 6~7월에 적색에서 흑색으로 익으며 버찌라고 한다. 한국 · 중국 · 일본에 분포한다. ",http://www.forest.go.kr/images/data/down/story/mok1-94.jpg,http://www.forest.go.kr/images/data/down/story/mok2-94.jpg
122,48,병꽃나무,산지 숲 속 ,쌍떡잎식물 합판화군 : 꼭두서니 목인동과의 낙엽관목,"높이 2~3m로 줄기는 연한 잿빛이지만 얼룩 무늬가 있으며 잎은 마주나고 잎자루는 거의 없으며 달걀을 거꾸로 세운 모양의 타원형 또는 넓은 달걀 모양으로 끝이 뾰족하다. 양면에 털이 있고 뒷면 맥 위에는 퍼진 털이 있으며 가장자리에 잔 톱니가 있다. 
5월에 병 모양의 꽃이 노랗게 피었다가 점차 붉어지며 1~2개씩 잎겨드랑이에 달린다. 꽃받침은 밑까지 완전히 5개로 갈라지며 털이 있다. 5개의 수술이 있다. 열매는 삭과로 잔털이 있고 길이 1~1.5cm로서 9월에 성숙하여 2개로 갈라지고 종자에 날개가 있다. 한국 특산종으로 전역에 분포한다. ",http://www.forest.go.kr/images/data/down/story/mok1-96.jpg,http://www.forest.go.kr/images/data/down/story/mok2-96.jpg
123,49,복분자,산기슭과 계곡,낙엽활엽의 덩굴성 식물,높이 3m에 이르며 햐얀분을 쓴듯한 줄기 끝에 닿아 뿌리를 내린다. 잎은 우상복엽인데 어긋나며 꽃은 5~6월에 가시끝의 산방화서에 달린다. 열매는 반구형의 장과로서 7~8월에 익으며 검붉은색을 띤다. ,http://www.forest.go.kr/images/data/down/story/mok1-98.jpg,http://www.forest.go.kr/images/data/down/story/mok2-98.jpg
124,5,개옻나무,산허리나 산기슭,쌍떡잎식물 무환자나무목 : 옻나무과의 낙엽활엽 소교목,"높이 약 7m로 작은가지와 잎자루는 붉은빛을 띤 갈색이며 털이 난다. 잎은 어긋나고 잎자루와 더불어 길이 20~40cm이며 홀수1회 깃꼴겹잎으로 작은잎은 13~17개이고 잎자루는 짧으며 달걀 모양 또는 긴 타원형이다. 잎 밑은 둥글고 끝은 뾰족하며 길이 4~10cm, 나비 3~5cm이다. 
겉면 맥 위에 털이 나거나 없으며, 뒷면 맥 위에는 털이 나며 가장자리는 밋밋하거나 톱니가 2~3개 있는 것이 있다. 원추꽃차례로 꽃이삭이 잎겨드랑이에서 나오는데, 꽃은 단성화이고 5~7월에 노란빛을 띤 녹색으로 핀다. 꽃잎과 꽃받침은 각각 5개이며 꽃차례는 갈색 털이 빽빽이 나고 길이 15~30cm이며 수꽃에는 5개의 수술, 암꽃에는 3개의 암술머리가 있다. 열매는 핵과인데, 납작하고 둥글며 10월에 노란빛을 띤 갈색으로 익는다. 한국 · 일본 · 중국 · 쿠릴열도 남부 등지에 분포한다.",http://www.forest.go.kr/images/data/down/story/mok2-10.jpg,http://www.forest.go.kr/images/data/down/story/mok1-10.jpg
125,50,복자기,숲 속,쌍떡잎식물 이판화군 무환자나무목 : 단풍나무과의 낙엽교목,"높이 15m까지 자라며 나무껍질이 회백색이고 가지는 붉은빛이 돌며 겨울눈은 검은색이고 달걀 모양이다. 잎은 마주나고 3개의 작은잎으로 구성된다. 작은잎은 긴 타원형의 달걀 모양 또는 긴 타원형 바소꼴로 가장자리에 2~4개의 톱니와 더불어 굵은 털이 있다. 잎자루는 길이 5cm이고 털이 있다. 
꽃은 5월에 피고 잡성이며, 3개가 산방상으로 달리고 꽃가지에는 갈색 털이 있다. 열매는 시과로 길이 5cm, 나비1.5cm로 회백색이고 나무처럼 딱딱하며 겉에 센털이 밀생하고 9~10월에 익으며 날개는 둔각으로 벌어진다. 한국 · 중국 · 북동부 등지에 분포한다.",http://www.forest.go.kr/images/data/down/story/mok1-100.jpg,http://www.forest.go.kr/images/data/down/story/mok2-100.jpg
126,51,분꽃나무,산기슭 양지,쌍떡잎식물 꼭두서니목 : 인동과의 낙엽 관목 ,"높이는 2m정도이고, 작은 가지와 겨울눈에 털이 빽빽이 난다. 잎은 마주나고 달걀 모양 또는 원형이며 길이 3~10cm로 양면에 털이 빽빽이 나며 가장자리에 불규칙한 톱니가 있고 잎자루는 길이 5~10mm이다. 꽃은 4~5월에 잎과 동시에 피는데, 취산꽃차례로 지난해 가지의 끝이나 1쌍의 잎이 있는 짧은 가지 끝에 달린다. 
꽃은 지름 1~1.4cm이고 연한 자줏빛을 띤 홍색을 끼며 향기가 있고 꽃받침은 5개로 갈라지고, 꽃부리는 길이 1cm 정도이다. 수술은 5개이고 수술대는 꽃밥의 길이보다 짧으며 열매는 길이 1cm이고 달걀 모양 원형이며 9월에 검은색으로 익는다. 한국 · 일본 등지에 분포한다.",http://www.forest.go.kr/images/data/down/story/mok1-102.jpg,http://www.forest.go.kr/images/data/down/story/mok2-102.jpg
127,52,사시나무,산지        ,쌍떡잎식물 버드나무목 : 버드나무과의 낙엽활엽 교목,"높이 약 10m, 지름 약 30cm로 나무껍질은 검은빛을 띤 갈색이며 오랫동안 갈라지지 않고, 작은가지와 겨울눈에 털이 없다. 잎은 어긋나고 둥글거나 달걀모양이며 길이 2~6cm이다. 가장자리에 얕은 톱니가 있고 잎자루는 납작하며 턱잎은 일찍 떨어진다.
꽃은 암수딴그루로서 4월에 피고 마상꽃차례에 달리며 수꽃의 포는 둥글고 톱니가 있으며 일찍 떨어진다. 수술은 6~12개, 암술은 1개씩이며 암술머리는 2~3개이다. 화피는 통처럼 생기고 꽃잎과 꽃받침의 구별이 없으며 씨방은 달걀 모양이고 열매는 삭과로서 긴 타원형이며 5월에 익는다. 한국 · 중국, 시베리아 동부에 분포한다.",http://www.forest.go.kr/images/data/down/story/mok2-104.jpg,http://www.forest.go.kr/images/data/down/story/mok1-104.jpg
128,53,사위질빵,산과 들        ,쌍떡잎식물 미나리아재비목 : 버드나무과의 낙엽활엽 교목,"길이 약 3m로 어린 가지에 잔털이 나며 잎은 마주나고 3장의 작은잎이 나온 잎이거나 2회 3장의 작은잎이 나온 ？입이며 입자루가 길다. 작은잎은 달걀 모양이거나 달걀 모양 바소꼴로서 길이 4~7cm이다. 끝이 뾰족하고 가장자리에 깊이 패어 들어간 모양의 톱니가 있으며 뒷면 맥 위에 털이 난다.
꽃은 7~8월에 흰색으로 피고 지름 13~25mm로서 잎겨드랑이에 취산상 원추꽃차례로 달린다. 꽃받침조각은 넓은 바소꼴이며 4개가 십자 모양으로 달리며 꽃잎은 없고 수술과 암술은 많다. 꽃밥은 줄 모양이며 길이 약 2mm로 열매는 수과로서 5~10개씩 모여 달리고, 9~10월에익으며 흰색 또는 연한갈색 털이 난 긴 암술대가 있다. 한국 · 일본 · 중국에 분포한다.",http://www.forest.go.kr/images/data/down/story/mok1-106.jpg,http://www.forest.go.kr/images/data/down/story/mok2-106.jpg
129,54,산딸나무,산지의 숲,쌍떡잎식물 산형화목 : 층층나무과의 낙엽소교목,"높이 7~12m로 가지가 층층나무처럼 퍼지며 잎은 마주나고 달걀 모양 타원형으로 길이 5~12cm, 나비 3.5~7cm이다. 끝이 뾰족하고 밑은 넓은 쐐기 모양이며 가장자리에 톱니가 없으나 약간 물결 모양이다. 뒷면 맥액에 털이 빽빽이 나며 결맥은 4~5쌍, 잎자루는 길이 3~7cm이다.
꽃은 양성화로서 6월에 피고 짧은 가지 끝에 두상꽃차례로 모여 달리며 꽃잎 같은 4개의 하얀 포로 싸인다. 포조각은 좁은 달걀 모양이며 길이 3~6cm로 꽃잎과 수술은 4개씩이고 암술은 1개이며 20~30개가 모여서 달린다. 열매는 취과로서 딸기처럼 모여 달리며 10월에 붉은빛으로 익는다. 한국 · 일본 · 중국에 분포한다.",http://www.forest.go.kr/images/data/down/story/mok1-108.jpg,http://www.forest.go.kr/images/data/down/story/mok2-108.jpg
130,55,산뽕나무,산지나 논밭둑,쌍떡잎식물 쐐기풀목 : 뽕나무과의 낙엽소교목,"높이 7~8m로 나무껍질은 잿빛을 띤 갈색이며 작은가지는 잔털이 나거나 없고 점차 검은빛을 띤 갈색이 된다. 잎은 달걀 모양이거나 넓은 달걀 모양으로 가장자리에 불규칙하고 날카로운 톱니가 있고, 뒷면 주맥 위에 털이 약간 나며 끝이 꼬리처럼 길다. 
꽃은 암수딴그루이거나 웅성화로서 5월에 피며 열매는 집합과로서 6월에 자줏빛을 띤 검은색으로 익으며, 육질로 되는 화피가 합쳐져서 1개의 열매처럼 된다. 한국 · 일본 · 중국 · 타이완 · 사할린섬 등지에 분포한다.",http://www.forest.go.kr/images/data/down/story/mok1-110.jpg,http://www.forest.go.kr/images/data/down/story/mok2-110.jpg
131,56,산사나무,산지      ,쌍떡잎식물 장미목 : 장미과의 낙엽활엽 소교목,"높이 3~6m로 나무 껍질은 잿빛이고 가지에 가시가 있고 잎은 어긋나고 달걀 모양에 가까우며 길이 6~8cm, 나비 5~6cm로 가장자리가 깃처럼 갈라지고 밑부분은 더욱 깊게 갈라진다. 양면 맥 위에 털이 나고 가장자리에 불규칙한 톱니가 있으며 잎자루는 길이 2~6cm이며 꽃은 5월에 흰색으로 피고 산방꽃차례에 달리며 꽃잎은 둥글며 꽃받침조각과 더불어 5개씩이다.
수술은 20개이며 암술대는 3~5개, 꽃밥은 붉은색이며 열매는 이과로서 둥글며 흰 반점이 있으며 지름 약1.5cm이고 9~10월에 붉은빛으로 익는다. 한국 · 중국 · 시베리아 등지에 분포한다.",http://www.forest.go.kr/images/data/down/story/mok1-112.jpg,http://www.forest.go.kr/images/data/down/story/mok2-112.jpg
132,57,산수국,산골짜기나 자갈밭,쌍떡잎식물 장미목 : 범의귀과의 낙엽 관목,"높이 약 1m로 작은 가지에 털이 나며 잎은 마주나고 긴 타원형이며 꽃은 7~8월에 흰색과 하늘색으로 피며 가지 끝에 산방꽃차례로 달린다.
꽃받침조각과 꽃잎은 5개, 수술은 5개이고 암술대는 3~4개이며 열매는 삭과로서 달걀 모양이며 9월에 익는다. 한국 · 일본 · 타이완 등지에 분포한다.",http://www.forest.go.kr/images/data/down/story/mok1-114.jpg,http://www.forest.go.kr/images/data/down/story/mok2-114.jpg
133,58,산수유,산지       ,쌍떡잎식물 산형화목 : 층층나무과의 낙엽교목,"높이 4~7m이다. 나무껍질은 불규칙하게 벗겨지며 연한 갈색이다. 잎은 마주나고 달걀 모야우바소꼴이며 길이 4~12cm, 나비 2.5~6cm이다. 가장자리가 밋밋하고 끝이 뾰족하며 밑은 둥글며 뒷면에 갈색 털이 빽빽이 나고 곁맥은 4~7쌍이며 잎자루는 길이 5~15mm이다. 꽃은 양성화로서 3~4월에 잎보다 먼저 노란색으로 피고 20~30개의 꽃이 산형꽃차례에 달리며 꽃 지름 4~7mm이다. 
총포 조각은 4개이고 길이 6~8mm이며 노란색이다. 꽃잎은 4개이고 긴 타원 모양 바소꼴이며 수술 4개, 암술 1개이고 씨방은 털이 나며 하위이다. 열매는 핵과로서 타원형이며 윤이 나고 8~10월에 붉게 익고 종자는 긴 타원형이며 능선이 있다. 한국 원산이며 한국의 중부 이남에서 심는다. ",http://www.forest.go.kr/images/data/down/story/mok1-116.jpg,http://www.forest.go.kr/images/data/down/story/mok2-116.jpg
134,59,산철쭉,산지의 물가,쌍떡잎식물 진달래목 : 진달래과의 낙엽관목 ,"높이는 1~2m이고, 어린 가지와 꽃자루에 점성이 있으며 갈색 털이 있으며 잎은 어긋나고 길이 3~8cm의 긴 타원 모양 또는 넓은 바소꼴을 거꾸로 세운 모양이며 양끝이 좁고 가장자리에 톱니가 없다. 잎 뒷면 맥 위에는 잎자루와 더불어 갈색 털이 빽빽이 있으며 꽃은 4~5월에 붉은빛이 강한 연한 자주색으로 피고 가지 끝에 2~3개씩 달리며 화관은 지름 5~6cm의 깔때기 모양이고 5개로 갈라지며 안쪽 윗부분에 짙은 자주색의 반점이 있다.  
꽃받침은 갈색 털이 있으며 5개로 갈라지고, 갈라진 조각은 길이 4~8mm의 좁은 달걀 모양이다. 수술은 10개이고 꽃밥은 자주빛이 돈다. 암술대는 털이 없거나 밑부분에 누운 털이 있고, 씨방에는 갈색 털이 있다. 열매는 삭과이고 길이 8~10mm의 달걀 모양이며 긴 털이 있다. 한국(평북 이남) · 일본(대마도) 등지에 분포한다.",http://www.forest.go.kr/images/data/down/story/mok1-118.jpg,http://www.forest.go.kr/images/data/down/story/mok2-118.jpg
135,6,개암나무,전국각지에 분포,쌍떡잎식물 참나무목 : 자작나무과의 낙엽활엽 관목,"전국 어디에서나 자라며 잎이 떨어지는 넓은 잎 작은 나무로서 키가 4~5m가 고작이다. 잎은 넓은 타원형인데 어린 아이 손바닥만하고 끝 부분이 약간 뭉툭하면서 몇 개로 갈라지며 잔 톱니가 있다. 3월쯤이면 한 나무에 암꽃과 수꽃이 같이 핀다. 약간 뾰족뾰족한 붉은색 암꽃은 가지 끝에 새순처럼 핀다.  
열매는 도토리처럼 딱딱한 껍질을 가지고 새알보다 조금 작은데, 잎처럼 생긴 받침으로 귀중품을 곱게 싸듯이 둘러싸이며 처음에 초록색이던 열매는 익어가면서 갈색으로 변하여 딱딱해진다. 요즈음의 산에서 흔히 만나는 개암나무는 앞에 설명한 진짜 개암나무가 드물고 참개암나무가 더 많다. 참개암나무는 개암나무와 잎의 크기는 비슷하나 갸름한 달걀 모양이며 잎의 윗부분에 큰 겹톱니가 생기고 잎의 끝은 갑자기 꼬리처럼 뾰족해진다. 열매의 모양은 씨가 들어있는 부분이 굵고 통처럼 생겼으며 작은 받침 잎으로 열매를 감싸는 진짜 개암나무와는 전혀 다르다.",http://www.forest.go.kr/images/data/down/story/mok2-12.jpg,http://www.forest.go.kr/images/data/down/story/mok1-12.jpg
136,60,산초나무,산지       ,쌍떡잎식물 쥐손이풀목 : 운향과의 낙엽관목,"산초나무는 전국의 표고 1000m이하의 산야에 자생하는 운향과에 속하는 낙엽활엽관목으로 다 자라야 그 키가 3~4m정도이고 내한성은 강하나 양수로서 내음성이 약하며 맹아력은 보통이며 줄기에 가시가 엇갈려서 나고 잎은 1회 우상복엽이며 가장 자리에 잔톱니가 있다.  
암수딴그루로서 6월에 황록색 꽃이 피는데 길이 5~10cm의 산방화서에 달린다. 열매는 4mm이며 녹갈색에서 황갈색으로 익고 흑색의 종자가 밖으로 튀어 나온다. 사실 산초나무와 초피나무는식물학적으로 엄격히 구리고 확실히 구분된 서로 다른 종이지만 일반인들이 쓰고 부르는데는 거의 구분이 없다. 일본과 중국, 만주 등지에 분포한다.",http://www.forest.go.kr/images/data/down/story/mok1-120.jpg,http://www.forest.go.kr/images/data/down/story/mok2-120.jpg
137,61,생강나무,산지의 계곡이나 숲 속의 냇가,쌍떡잎식물 미나리아재비목 : 녹나무과의 낙엽관목,"잎은 어긋나고 달걀 모양 또는 달걀 모양의 원형이며 길이가 5~15cm이고 윗부분이 3~5개로 얕게 갈라지며 3개의 맥이 있고 가장자리가 밋밋하다. 잎자루는 길이가 1~2cm이다. 꽃은 암수딴그루이고 3월에 잎보다 먼저 피며 노란 색의 작은 꽃들이 여러 개 뭉쳐 꽃대 없이 산형꽃차례를 이루며 달린다. 
수꽃은 화피 조각 6개와 9개의 수술이 있고, 암꽃은 화피조각 6개와 1개의 암술, 헛 수술 9개가 있다. 작은 꽃자루는 짧고 털이 있다. 열매는 장과이고 둥글며 지름이 7~8mm이고 9월에 검은 색으로 익는다. 연한 잎은 먹을 수 있으며 잎이 떨어진 가지에는 콩알 굵기의 새까만 열매가 달린다. 처음에는 초록빛이나 노랑빛, 분홍색을 거쳐 가을은 검은빛으로 익는다.",http://www.forest.go.kr/images/data/down/story/mok1-123.jpg,http://www.forest.go.kr/images/data/down/story/mok2-123.jpg
138,62,서어나무,산지        ,쌍떡잎식물 참나무목 : 자작나무과의 낙엽교목,"높이는 15m, 지름은 1m에 달하며 나무 껍질은 회색이고 근육처럼 울퉁불퉁하다. 잎은 어긋나고 길이 5.5~7.5cm의 타원 모양 또는 긴 달걀 모양이며 끝이 길게 뾰족하고 가장자리에 겹톱니가 있으며 뒷면 맥 위에 털이 있다. 꽃은 암수한그루이고 5월에 피며 미상꽃차례를 이루며 달린다. 
수꽃이삭은 작은가지에 달리고 밑으로 처지며, 수꽃은 각 포에 1개씩 달리고 8개의 수술이 있으며 수술대는 2개로 갈라진다. 암꽃이삭은 자루가 있으며, 암꽃은 각 포에 2개씩 들어 있고 암술머리는 2개이다. 열매이삭은 긴 원기둥 모양이고 길이가 4~8cm이며 밑으로 처지고, 포는 4~8개이고 한쪽에 깊이 패어 들어간 톱니가 있으며 반대쪽 밑에 1개의 돌기가 있다. 열매는 소견과이며 길이 3mm의 넓은 달걀 모양이며 10월에 익는다. 한국(황해 이남) · 일본 · 중국 등지에 분포한다.",http://www.forest.go.kr/images/data/down/story/mok1-126.jpg,http://www.forest.go.kr/images/data/down/story/mok2-126.jpg
139,63,소나무,산지        ,겉씨식물 구과목 : 소나무과의 상록침엽 교목,"줄기는 높이 35m, 지름 1.8m 정도이며 수피는 붉은빛을 띤 갈색이나 밑 부분의 검은 갈색이며 바늘잎은 2개씩 뭉쳐나고 길이 8~9cm, 너비 1.5mm로 밑 부분의 비늘은 2년이 지나서 떨어진다. 꽃은 5월에 피고 수꽃은 새가지의 밑 부분에 달리며 노란색으로 길이 1cm의 타원형이며 암꽃은 새 가지의 끝부분에 달리며 자주색이고 길이 6mm의 달걀모양이다. 열매는 달걀 모양으로 길이 4.5cm, 지름 3cm이며 열매조각은 70~100개이고 다음해 9~10월에 노란빛을 띤 갈색으로 익는다. 종자는 길이 5~6mm, 너비 3mm의 타원형으로 검은 갈색이며 날개는 연한 갈색 바탕에 검은 갈색 줄이 있다. ",http://www.forest.go.kr/images/data/down/story/mok1-128.jpg,http://www.forest.go.kr/images/data/down/story/mok2-128.jpg
140,64,소태나무,산지        ,쌍떡잎식물 쥐손이풀목 : 소태나무과의 소교목,"높이 12m 정도이며 가지에 털이 없고 적갈색 나무껍질에 황색의 피목이 있다. 잎은 어긋나고 홀수 1회 깃꼴겹잎이다. 작은잎은 달걀모양 또는 긴 타원형이고 가장자리에 둔한 톱니가 있다. 꽃은 황록색으로 6월에 피고 2가화이며 산방꽃차례로 달린다. 꽃잎과 수술은 4~5개이고, 열매는 핵과로 달걀 모양의 구형이며 녹색이 도는 적색으로 익는다. 한국 · 일본 · 타이완 · 중국 · 인도 등지에 분포한다.",http://www.forest.go.kr/images/data/down/story/mok1-130.jpg,http://www.forest.go.kr/images/data/down/story/mok2-130.jpg
141,65,수수꽃다리,석회암 지대,쌍떡잎식물 용담목 : 물푸레나무과의 낙엽관목 ,"높이 2~3m로 수피는 회색이고 어린 가지는 갈색 또는 붉은빛을 띤 회색이며 잎은 마주나고 넓은 달갈 모양으로 가장자리가 밋밋하며 털이 없다. 꽃은 4~5월에 피고 연한 자주색이며 묵은 가지에서 자란 원추꽃차례에 달린다. 
꽃받침은 4개로 갈라지고 화관통은 길이 10~15mm이며 끝이 4개로 갈라져서 옆으로 퍼진다. 수술은 2개가 화관통에 달리고 밖으로 나오지 않는다. 암술은 1개이며 끝이 2개로 갈라진다. 열매는 삭과로서 타원형이며 9월에 익는다. 한국 특산종으로 황해도 이북에서 자란다.",http://www.forest.go.kr/images/data/down/story/mok1-132.jpg,http://www.forest.go.kr/images/data/down/story/mok2-132.jpg
142,66,쉬땅나무,산기슭 계곡이나 습지,쌍떡잎식물 장미목 : 장미과의 낙엽활엽 관목,"높이 2m에 달하며 뿌리가 땅속줄기처럼 벋고 많은 줄기가 한 군데에서 모여나며 털이 없는 것도 있다. 잎은 어긋나고 잎자루에 털이 있다. 꽃은 6~7월에 흰색으로 피고 꽃받침잎과 꽃잎은 각각 5개, 수술은 40~50개로서 꽃잎보다 길며 씨방은 5개이고 털이 없다. 열매는 골돌과로 긴 타원형이며 9월에 익는다. 한국과 동아시아의 북동부에 분포한다. ",http://www.forest.go.kr/images/data/down/story/mok1-134.jpg,http://www.forest.go.kr/images/data/down/story/mok2-134.jpg
143,67,조록싸리,산야 ,쌍떡잎식물 장미목 : 콩과의 관목,"높이 2~3m이며 목재는 연한 녹색이며 잎은 어긋나고 세 장의 작은잎이 나온 잎이며 작은잎은 달걀 모양의 타원형으로 뒷면에 긴 털이 있고 가장자리가 밋밋하다. 꽃은 6월에 홍자색으로 피고 겨드랑이에서 총상꽃차례로 달리며 밀원식물이다. 꽃받침은 중간 정도로 갈라지고 갈래조각 끝이 바늘같이 뾰족하다. 꽃잎에서는 기판이 자적색, 익판이 홍자색, 용골판이 연한 홍색이며 열매는 협과로 9~10월에 익고 종자는 신장형이며 녹색 바탕에 짙은 갈색 무늬가 있다. 한국 · 일본에 분포한다.",http://www.forest.go.kr/images/data/down/story/mok1-135.jpg,http://www.forest.go.kr/images/data/down/story/mok2-135.jpg
144,68,신나무,산과 들        ,쌍떡잎식물 무환자나무목 : 단풍나무과의 낙엽소교목,"높이 약 8m로 나무껍질은 검은 빛을 띤 갈색이며 전체에 털이 없다. 잎은 마주나고 세모진 타원형이거나 달걀 모양이며 밑부분이 흔히 3개로 갈라진다. 길이 4~8cm, 나비 3~6cm로서 가장자리에 깊이 패어 들어간 흔적과 겹톱니가 있으며 겉면은 윤이 나고 끝이 길게 뾰족하며 잎자루는 길이 1~4cm로서 붉다. 
꽃은 5~7월에 노란빛을 띤 흰색으로 피고 복방산꽃차례에 달리며 향기가 나며 양성화와 단성화가 있고 꽃받침조각은 긴 달걀 모양이고 꽃잎은 타원 모양이며 각각 5개씩이다. 수술은 8~9개, 암술은 1개이며 흰털이 빽빽이 난다. 열매는 시과로서 길이 약 3.5cm이고 양쪽 날개가 거의 평행하거나 겹쳐지며 9~10월에 익는다. 한국 · 일본 · 중국 북부에 분포한다.",http://www.forest.go.kr/images/data/down/story/mok1-136.jpg,http://www.forest.go.kr/images/data/down/story/mok2-136.jpg
145,69,싸리,산과 들      ,쌍떡잎식물 장미목 : 콩과의 낙엽관목,"높이 3m정도이며 잎은 3출엽이고 도란형으로 길이 2~5cm이며 원두 또는 요두로 엽맥의 연장인 짧은 침상의 돌기가 있다.  
꽃은 7~8월 사이에 홍자색으로 피고 열매는 협과로 10월에 익는다. 전국의 산야에 흔하게 자생하며 일본과 대만에도 분포한다.",http://www.forest.go.kr/images/data/down/story/mok1-138.jpg,http://www.forest.go.kr/images/data/down/story/mok2-138.jpg
146,7,고광나무,산골짜기 ,쌍떡잎식물 이판화군 장미목 : 범의귀과의 낙엽활엽 관목,"높이는 2~4m이고 작은 가지에는 털이 조금 있으며 2년생 가지는 회색이고 껍질이 벗겨진다. 잎은 마주나고 달걀 모양 또는 타원형으로 양쪽 끝이 뽀족하며 뚜렷하지 않은 톱니가 있다. 잎 표면은 녹색이고 털이 거의 없으나 뒷면은 연한 녹색으로 맥위에 잔털이 있으며 잎의 길이는 7~13cm, 나비 4~7cm이다. 
4~5월에 흰색 꽃이 잎겨드랑이나 꼭대기에 총상꽃차례로 5~7개가 달리며 꽃대와 꽃가지에 잔털이 있다. 꽃받침은 안쪽 끝에 잔털이 있으며 꽃잎은 둥글고 암술대는 4개이며 열매는 삭과로 둥근 모양이고 9월에 익는다. 충청북도를 제외한 전국 각지와 일본 · 중국 둥베이 · 우수리 강변 등지에 분포한다. ",http://www.forest.go.kr/images/data/down/story/mok2-14.jpg,http://www.forest.go.kr/images/data/down/story/mok1-14.jpg
147,70,자귀나무,산지나 숲속,쌍떡잎식물 장미목 : 콩과의 낙엽 소교목,"높이 3~5m이고 큰 가지가 드문드문 퍼지며 작은 가지에는 능선이 있으며 잎은 어긋나고 2회깃꼴겹잎이며 작은잎은 낫같이 굽으며 좌우가 같지않은 긴 타원형이고 가장자리가 밋밋하다. 작은잎의 길이는 6~15mm, 나비는 2.5~4.0mm 정도로서 양면에 털이 없거나 뒷면의 맥 위에 털이 있다.  
꽃은 연분홍색으로 6~7월에 피고 작은 가지 끝에 15~20개씩 산형으로 달린다. 꽃받침과 화관은 얕게 5개로 갈라지고 녹색이 돈다. 수술은 25개 정도로서 길게 밖으로 나오고 윗부분이 홍색이다. 꽃이 홍색으로 보이는 것은 수술의 빛깔 때문이다. 열매는 9~10월에 익으며 편평한 꼬투리이고 길이 15cm 내외로서 5~6개의 종자가 들어 있다. 한국(황해도 이남) · 일본 · 이란 · 남아시아에 걸쳐 분포한다. ",http://www.forest.go.kr/images/data/down/story/mok1-140.jpg,http://www.forest.go.kr/images/data/down/story/mok2-140.jpg
148,71,작살나무,산지나 숲속 ,쌍떡잎식물 통화식물목 : 마편초과의 낙엽관목,"높이 2~4m이며 가지는 어느 것이나 원줄기를 가운데 두고 양쪽으로 두 개씩 정확히 마주 보고 갈라져 있어 작살 모양으로 보인다. 잎은 마주나고 긴 타원형으로 윗부분이 좀더 넓고, 잎 끝이 뾰족하며 잎 가장자리에는 잔 톱니가 나 있고 잎을 만져보면 질감이 좋다. 꽃은 8월에 피고 연한 자줏빛이며 취산꽃차례에 달린다. 
열매는 핵과로 둥글고 지름 4~5mm이며 10월에 자주색으로 익는다. 한국 · 일본 · 중국에 분포한다.",http://www.forest.go.kr/images/data/down/story/mok1-142.jpg,http://www.forest.go.kr/images/data/down/story/mok2-142.jpg
149,72,잣나무,높은 산,겉씨식물 구과식물아강 구과목 : 소나무과의 상록교목,"해발고도 1,000m이상에서  자라며 높이 20~30m, 지름 1m에 달하는 커다란 나무이다. 나무껍질은 흑갈색이고 얇은 조각이 떨어지며 앞은 짧은 가지 끝에 5개씩 달리며 잎은 3개의 능선이 있고 양면 흰 기공조선이 5~6줄씩 있으며 가장자리에 진 톱니가 있다.  
꽃은 5월에 피고 수꽃이삭은 새가지 밑에 달리며 암꽃이삭은 새가지 끝에 달리고 단성화이다. 열매는 구과로 긴 달걀 모양이며 길이 12~15cm,지름 6~8cm이고 실편 끝이 길게자라서 뒤로 젖혀지며 종자는 날개가 없고 다음해 10월에 익으며 길이 12~18mm,지름 12mm로서 식용 또는 약용으로 한다. 한국 · 일본 · 중국 북동부 · 우수리에 분포한다.",http://www.forest.go.kr/images/data/down/story/mok1-144.jpg,http://www.forest.go.kr/images/data/down/story/mok2-144.jpg
150,73,전나무,높은 산,겉씨식물 구과식물아강 구과목 : 나무과의 상록교목,"높이 40m, 지름1.5m에 달하는 고산 식물로서 풍치수로 흔히 심으며 나무껍질은 잿빛이 도는 흑갈색으로 거칠며 작은가지는 회갈색이고 털이 없거나 간혹 있고 얕은 홈이 있다. 겨울눈은 달걀 모양이고 털이 없으나 수지가 약간 있으며 잎은 나선상 배열로 줄 모양이고 길이 4cm, 나비 2mm로서 끝이 뾰족하며 뒷면에 백색 기공선이 있고, 황단면에는 수지구가 있다.  
꽃은 양성화로 4월 하순경에 피며, 수꽃이삭은 원통형이며 길이 15mm로서 황록색이고 꽃줄기는 길이 4.5mm이다. 암꽃이삭은 2~3개가 서로 접근하여 달리고 길이 3.5cm로서 긴 타원형이며 길이 6mm정도의 꽃줄기가 있다.  
열매는 구과로 원통형으로 길이 10~12cm, 지름 3.5cm정도이고 끝이 뾰족하거나 둔하며 과경은 길이 7mm정도이다. 10월 상순에 익는다. 실편은 거의 둥글고 길이 25~30mm로서 흔히 밖에 수지가 묻으며 포는 밖으로 나타나지 않고 거의 원형이다. 우리나라 고유의 수종이다.",http://www.forest.go.kr/images/data/down/story/mok1-146.jpg,http://www.forest.go.kr/images/data/down/story/mok2-146.jpg
151,74,조팝나무,산야 · 양지바른 산기슭,쌍떡잎식물 장미목 : 장미과의 낙엽 관목,"높이 1.5~2m이고 줄기는 모여나며 밤색이고 능선이 있으며 윤기가 나며 잎은 어긋나고 타원형이며 가장자리에 잔 톱니가 있다. 꽃은 4~5월에 피고 백색이며 4~6개씩 산형꽃차례로 달리며 가지의 윗부분은 전체 꽃만 달려서 백색 꽃으로 덮인다. 
꽃잎은 달걀을 거꾸로 세운 모양이며 꽃받침조각 뾰족하며 각각 5개씩이고 수술은 많으며 암술은 4~5개씩이고 수술보다 짧다. 열매는 골돌로서 털이 없고 9월에 익는다. 한국(함북 제외) · 타이완 · 중국 중부 등지에 분포한다.",http://www.forest.go.kr/images/data/down/story/mok1-148.jpg,http://www.forest.go.kr/images/data/down/story/mok2-148.jpg
152,75,주목,고산 지대 ,겉씨식물 구과식물아강 구과목 : 주목과의 상록교목,"높이 20m, 지름 2m에 달한다. 가지가 사방으로 퍼지고 큰가지와 원대는 홍갈색이며 껍질이 얕게 띠 모양으로 벗겨진다. 잎은 줄모양으로 나선상으로 달리고 잎은 2~3년만에 떨어진다. 꽃은 잎겨드랑이에 달리고 단성화이며 4월에 핀다. 열매는 핵과로 과육은 종자의 일부만 둘러싸고 9~10월에 붉게 익는다. 한국 · 일본 · 중국 동북부 · 시베리아 등지에 분포한다.",http://www.forest.go.kr/images/data/down/story/mok1-150.jpg,http://www.forest.go.kr/images/data/down/story/mok2-150.jpg
153,76,쥐똥나무,산기슭이나 계곡,쌍떡잎식물 용담목 : 물푸레나무과의 낙엽관목,"높이는 2~4m이고 가지가 많이 갈라지며 가지는 가늘고 잿빛이 도는 흰색이며, 어린 가지에는 잔털이 있으나 2년생 가지에는 없다. 잎은 마주나고 길이 2~7cm의 긴 타원 모양이며 끝이 둔하고 밑 부분이 넓게 뾰족하다.
잎 가장자리는 밋밋하고, 잎 뒷면 맥 위에 털이 있으며 꽃은 5~6월에 흰색으로 피고 가지 끝에 총상꽃차례를 이루며 달린다. 꽃차례는 길이가 2~3cm이고 잔털이 많다. 화관은 길이 7~10mm의 통 모양이고 끝이 4개로 갈라지며, 갈라진 조각은 삼각형이고 끝이 뾰족하다. 수술은 2개이고 화관의 통 부분에 달리며, 암술대는 길이가 3~4.5mm이다. 열매는 장과이고 길이 6~7mm의 둥근 달걀 모양이며 10월에 검은색으로 익는다. 한국(황해 이남) · 일본 등지에 분포한다.",http://www.forest.go.kr/images/data/down/story/mok1-152.jpg,http://www.forest.go.kr/images/data/down/story/mok2-152.jpg
154,77,진달래,산지의 볕이 잘 드는 곳,쌍떡잎식물 진달래목 : 진달래과의 낙엽관목,"전국의 50~2,000m 높이의 산야에서 무리지어 자란다. 높이는 2~3m이고 줄기 윗부분에서 많은 가지가 갈라지며, 작은 가지는 연한 갈색이고 비늘조각이 있다. 잎은 어긋나고 긴 타원 모양의 바소꼴 또는 거꾸로 세운 바소꼴이며 길이가 4~7cm이고 양끝이 좁으며 가장자리가 밋밋하다.  
잎 표면에는 비늘 조각이 약간 있고, 뒷면에는 비늘 조각이 빽빽이 있으며 털이 없고, 잎자루는 길이가 6~10mm이다. 꽃은 4월에 잎보다 먼저 피고 가지 끝 부분의 겹눈에서 1개씩 나오지만 2~5개가 모여 달리기도 한다. 화관은 벌어진 깔때기 모양이고 지름이 4~5cm이며 붉은빛이 강한 자주색 또는 연한 붉은색이고 겉에 털이 있으며 끝이 5개로 갈라진다.
수술은 10개이고 수술대 밑 부분에 흰색 털이 있으며, 암술은 1개이고 수술보다 휠씬 길다. 열매는 삭과이고 길이 2cm의 원통 모양이며 끝 부분에 암술대가 남아 있다. 한국 · 일본 · 중국 등지에 분포한다.",http://www.forest.go.kr/images/data/down/story/mok1-154.jpg,http://www.forest.go.kr/images/data/down/story/mok2-154.jpg
155,78,쪽동백나무,산지의 숲 속  ,쌍떡잎식물 감나무목 : 때죽나무과의 낙엽교목,"높이는 6~15m이고, 나무 껍질은 잿빛을 띤 흰색이며, 어린 가지는 녹색이고 갈색의 털이 있으나 나중에 다갈색으로 변하며 털이 없어진다. 잎은 어긋나고 타원 모양 또는 둥근 달걀 모양이며 끝이 뾰족하고 밑부분이 둥글며 윗부분 가장자리에 얕은 톱니가 있다. 
잎 뒷면에 흰색의 성모가 빽빽이 있다. 꽃은 5~6월에 흰색으로 피고 새가지 끝에 총상꽃차례를 이루며 달린다. 수술은 10개이고, 꽃밥은 노란색이며, 암술은 1개이다. 열매는 핵과이고 달걀 모양의 원형 또는 타원모양이며 성모가 빽빽이 있고 9월에 익는다. 한국 · 일본 · 중국 등지에 분포한다.",http://www.forest.go.kr/images/data/down/story/mok1-156.jpg,http://www.forest.go.kr/images/data/down/story/mok2-156.jpg
156,79,찔레꽃,산지의 숲 속  ,쌍떡잎식물 장미목 : 장미과의 낙엽관목,"높이는 1~2m이고 가지가 많이 갈라지며, 가지는 끝 부분이 밑으로 쳐지고 날카로운 가시가 있다. 잎은 어긋나고 5~9개의 작은 잎으로 구성된 깃꼴겹잎이다. 작은 잎은 타원 모양 또는 달걀을 거꾸로 세운 모양이고 길이가 2~4cm이며 양끝이 좁고 가장자리에 잔 톱니가 있다. 잎 표면에 털이 없고, 뒷면에 잔털이 있으며, 턱잎은 아랫부분이 잎자루 밑부분과 붙고 가장자리에 빗살같은 톱니가 있다.
꽃은 5월에 흰색 또는 연한 붉은색으로 피고 새가지 끝에 원추꽃차례를 이루며 달린다. 작은 꽃자루에 선모가 있고, 꽃받침조각은 바소꼴이며 뒤로 ？혀지고 안쪽에 털이 빽빽이 있다. 꽃잎은 달걀을 거꾸로 세운 모양이고 끝 부분이 파지며 향기가 있으며 열매는 둥글고 지름이 6~9mm이며 9월에 붉은 색으로 익고 길이 2~3mm의 수과가 많이 들어 있다. 한국 · 일본 등지에 분포한다. ",http://www.forest.go.kr/images/data/down/story/mok1-158.jpg,http://www.forest.go.kr/images/data/down/story/mok2-158.jpg
157,8,고로쇠나무,산지 숲속,쌍떡잎식물 무환자나무목 : 단풍나무과의 낙엽 교목,"높이 약 20m이며 나무껍질은 회색이고 여러 갈래로 갈라지며 잔가지에 털이 없다. 잎은 마주나고 둥글며 대부분 손바닥처럼 5갈래로 갈라져 있으며 잎 끝이 뾰족하고 톱니는 없고 긴 잎자루가 있으나 뒷면 맥 위에 가는 털이 난다.  
꽃은 잡성으로 양성화와 수꽃이 같은 그루에 피며 4~5월에 작은꽃이 잎보다 먼저 연한 노란색으로 핀다. 꽃잎은 5개이고 수술은 8개, 암술은 1개이며 열매는 시과로 프로펠러 같은 날개가 있으며 길이 2~3cm로 9월에 익는다. 한국(전라남도 · 경상남도 · 강원도) · 일본 · 사할린섬 · 중국 · 헤이룽강 등지에 분포한다.",http://www.forest.go.kr/images/data/down/story/mok2-16.jpg,http://www.forest.go.kr/images/data/down/story/mok1-16.jpg
158,80,아까시나무,산과 들     ,쌍떡잎식물 장미목 : 콩과의 낙엽교목,"높이 약25m로 나무껍질은 노란빛을 띤 갈색이고 세로로 갈라지며 턱잎이 변한 가시가 있으며 잎은 어긋나고 홀수 1회 깃꼴겹잎이며 작은 잎은 9~19개이며 타원형이거나 달걀 모양이고 길이 2.5~4.5cm이다. 잎양면에 털이 없고  가장자리가 밋밋하며 꽃은 5~6월에 흰색으로 피는데, 어린가지의 잎겨드랑이에 총상꽃차례로 달린다. 
꽃은 길이 15~20mm이며 향기가 강하고 꽃받침은 5갈래로 갈라지며 열매는 협과로서 납작한 줄 모양이며 9월에 익는다. 5~10개의 종자가 들어 있는데, 종자는 납작한 신장모양이며 길이 5mm이고 검은빛을 띤 갈색이다. 번식은 꺽꽂이와 포기나누기, 종자로 한다. ",http://www.forest.go.kr/images/data/down/story/mok1-160.jpg,http://www.forest.go.kr/images/data/down/story/mok2-160.jpg
159,81,오동나무,산과 들     ,쌍떡잎식물 합판화군 통화식물목 : 현삼과의 낙엽교목,"높이 15m에 달하며 잎은 마주나고 달걀 모양의 원형이지만 오각형에 가깝고 끝이 뾰족하며 밑은 심장저이고 길이 15~23cm, 나비 12~29cm로서 표면에 털이 거의 없다. 뒷면에 갈색 성모가 있으며 가장자리에 톱니가 없다. 그러나 어린잎에는 톱니가 있고 잎자루는 길이 9~21cm로서 잔털이 있다.  
꽃은 5~6월에 피고 가지 끝의 원추꽃차례에 달리며 꽃받침은 5개로 갈라진다. 갈래조각은 달걀 모양으로 길며 끝이 뾰족하고 서기도 하고 퍼지기도 하며 양 면에 잔털이 있다. 화관은 길이 6cm로서 자주색이지만 후부는 노란색이고 내외부에 성모와 산모가 있다. 4개의 수술 중 2개는 길고 털이 없으며 씨방은 달걀 모양으로 털이 있다. 열매는 삭과로 달걀 모양이고 끝이 뾰족하며 털이 없고 길이 3cm로서 10월에 익는다. 한국 특산종으로 평안남도 · 경기도 이남에 분포한다.",http://www.forest.go.kr/images/data/down/story/mok1-162.jpg,http://www.forest.go.kr/images/data/down/story/mok2-162.jpg
160,82,오미자,산골짜기,쌍떡잎식물 이판화군 목련목 : 오미자과의 낙엽식물,"줄기는 갈색이고 나무를 기어오르는 성질이 있다. 잎은 어긋나고 넓은 타원형 · 긴 타원형 또는 달걀 모양이며 뒷면 잎맥 위에는 털이 있고 가장자리에 치아 모양의 톱니가 있으며 꽃은 6~7월에 피고 단성화이며 약간 붉은빛이 도는 황백색이다. 
꽃이 핀 다음 암꽃의 꽃턱은 길이 3~5cm로 자라서 열매가 수상으로 달린다. 열매는 장과로 거의 둥글고 이삭 모양으로 여러개가 달리며 8~9월에 홍색으로 익으며 1~2개의 홍갈색 종자가 들어 있다. 한국 · 일본 · 중국 · 우수리 · 아무르에 분포한다.",http://www.forest.go.kr/images/data/down/story/mok1-164.jpg,http://www.forest.go.kr/images/data/down/story/mok2-164.jpg
161,83,올괴불나무,산지의 숲 속   ,쌍떡잎식물 꼭두서니목 : 인동과의 낙엽 관목,"약 1m의 높이로 자라며 어린가지는 갈색 바탕에 검은빛 반점이 있으며 묵은가지는 잿빛이며 나무껍질은 세로로 갈라지고 줄기의 속은 흰색이다. 잎은 마주나고 달걀 모양이거나 타원 모양이고 길이 3~6cm, 나비 2~4cm로 끝이 뾰족하고 밑은 둥근 모양이고 가장자리가 밋밋하며 앙면에 부드러운 털이 빽빽이 나며 잎자루는 길이 1~5mm이다.
꽃은 3~5월에 연한 붉은색 또는 노란빛을 띤 흰색으로 잎보다 먼저 피는데, 묵은 가지 끝에서 길이 2~3mm이 꽃자루가 나와 2송이씩 달리며 꽃자루에는 잔 털이 나고 선점이 있다. 수술은 5개로서 화관보다 약간 길며 열매는 장과로서 공 모양이고 5~10월에 붉은빛으로 익는다. 나무는 관목으로 죽은 나무같이 줄기 껍질이 너덜너덜 벗겨지다 만 것 같다. 경남을 제외한 전국의 표고 100~1,800m 사이에 자생한다.",http://www.forest.go.kr/images/data/down/story/mok1-166.jpg,http://www.forest.go.kr/images/data/down/story/mok2-166.jpg
162,84,참나무,산지의 숲 속    ,쌍떡잎식물 이판화군 참나무목 : 참나무과 참나무속의 총칭.,.,http://www.forest.go.kr/images/data/down/story/mok1-167.jpg,http://www.forest.go.kr/images/data/down/story/mok2-167.jpg
163,85,으름덩굴,산과 들       ,쌍떡잎식물 미나리아재비목 : 으름덩굴과의 낙엽 덩굴식물,"길이 약 5m로 가지는 털이 없고 갈색이며 잎은 묵은가지에서는 무리지어 나고 새가지에서는 어긋나며 손바닥 모양의 겹잎이다. 작은잎은 5개씩이고 넓은 달걀 모양이거나 타원형이며 가장자리가 밋밋하고 끝이 약간 오목하다. 꽃은 암수한그루로서 4~5월에 자줏빛을 띤 갈색으로 피며 잎겨드랑이에 총상꽃차례로 달린다. 꽃잎은 없고 3개의 꽃받침조각이 꽃잎같이 보인다. 
수꽃은 작고 6개의 수술과 암꽃의 흔적이 있으며 암꽃은 크고 3~6개의 심피가 있다. 꽃받침은 3장, 열매는 장과로서 긴 타원형이고 10월에 자줏빛을 띤 갈색으로 익는다. 길이 6~10cm이고 복봉선으로 벌어진다. 번식은 종자나 포기나누기 · 꺾꽂이 등으로 한다. 한국(황해도 이남) · 일본 · 중국 등지에 분포한다.",http://www.forest.go.kr/images/data/down/story/mok1-172.jpg,http://www.forest.go.kr/images/data/down/story/mok2-172.jpg
164,86,은행나무,산지 및 가로수,은행나무과의 낙엽교목,"높이는 5~10m이나 40m에 달하는 것도 있으며, 나무 껍질은 회색으로 두껍고 코르크질이며 균열이 생긴다. 가지는 긴 가지와 짧은 가지의 2종류가 있고 잎은 대부분의 겉씨식물이 침엽인 것과는 달리 은행나무의 잎은 부채꼴이며 중앙에서 2개로 갈라지지만 갈라지지 않는 것과 2개 이상 갈라지는 것 등이 있다. 잎맥은 2개씩 갈라지며 긴 가지에 달리는 잎은 뭉쳐나고 짧은 가지에서는 총생한다. 
꽃은 4월에 잎과 함께 피고 2가화이며 수꽃은 미상꽃차례로 달리고 연한 황록색이며 꽃잎이 없고 2~6개의 수술이 있다. 암꽃은 녹색이고 끝에 2개의 밑씨가 있으며 그 중 1개가 종자로 발육한다.화분실에 들어간 꽃가루는 발육하여 가을에 열매가 성숙하기 전 정자를 생산하여 장란기에 들어가서 수정한다 열매는 핵과로 공 모양같이 생기고 10월에 황색으로 익으며 바깥껍질에서는 냄새가 나고 피부에 닿으며 염증을 일으키며, 중과피는 달걀 모양의 원형이며 2~3개의 능이 있고 백색이다. 
한국 · 일본의 고산 · 고원지대를 제외한 온대에 분포한다.",http://www.forest.go.kr/images/data/down/story/mok1-174.jpg,http://www.forest.go.kr/images/data/down/story/mok2-174.jpg
165,87,음나무,산지     ,쌍떡잎식물 산형화목 : 두릅나무과의 낙엽 교목,"높이 25m에 달하며, 가지는 굵으며 크고 밑이 퍼진 가시가 있다. 잎은 어긋나고 둥글며 가장자리가 5~9개로 깊게 갈라진다. 갈래조각에 톱니가 있으며 잎자루는 잎보다 길다. 꽃은 7~8월에 피고 활록색이며 복산형꽃차례에 달린다. 꽃잎과 수술은 5개씩이고 씨방은 하위이며 암술대는 2개이다.  
열매는 핵과로 둥글며 10월에 검게 익는다. 나무껍질은 약용하며 뿌리와 어린 잎은 식용한다. 지방에 따라서는 개두릅나무라고 부르기도 하며 잎 뒷면에 털이 밀생한 것을 털음나무라고 하며, 잎이 길게 갈라지고 뒷면에 흰털이 다소 있는 것을 가는잎음나무라고 한다. 한국 · 일본 · 만주 · 중국 등지에 분포한다.",http://www.forest.go.kr/images/data/down/story/mok1-176.jpg,http://www.forest.go.kr/images/data/down/story/mok2-176.jpg
166,88,이팝나무,산지  ,쌍떡잎식물 용담목 : 물푸레나무과의 낙엽교목,"높이 약 20m로 나무껍질은 잿빛을 띤 갈색이고 어린 가지에 털이 약간 나며 잎은 마주나고 잎자루가 길며 타원형이고 길이 3~15cm, 나비 2.5~6cm이다. 가장자리는 연한 갈색 털이 나며 꽃은 암수딴그루로서 5~6월에 피는데, 새가지 끝에 원뿔 모양 취산꽃차례로 달린다.  
꽃받침과 화관은 4개로 갈라지고 꽃잎은 흰색이며 나비 3mm정도이며 작은 꽃자루는 길이 7~10mm이고 마디가 있다. 수술은 2개로서 화통에 붙으며, 암술은 1개이며 열매는 핵과로서 타원형이고 검은 보라색이며 10~11월에 익는다. 번식은 종자나 꺾꽂이로 한다. 한국(중부 이남) · 일본 · 타이완 · 중국에 분포한다.",http://www.forest.go.kr/images/data/down/story/mok1-178.jpg,http://www.forest.go.kr/images/data/down/story/mok2-178.jpg
167,89,인동덩굴,산지   ,쌍떡잎식물 꼭두서니목 : 인동과의 반상록 덩굴식물,"길이 약 5m로 줄기는 오른쪽으로 길게 벋어 다른 물체를 감으면서 올라간다. 가지는 붉은 갈색이고 속이 비어 있다. 잎은 마주 달리고 긴 타원형이거나 넓은 바소꼴이며 길이 3~8cm, 나비 1~3cm이다. 가장자리가 밋밋하지만 어린 대에 달린 잎은 깃처럼 갈라지며 잎자루는 길이 약 5mm이다.
꽃은 5~6월에 피고 연한 붉은색을 띤 흰색이지만 나중에 노란색으로 변하며, 2개씩 잎겨드랑이에 달리고 향가 난다. 화관은 입술 모양이고 길이 3~4cm이며 화관통은 끝에서 5개로 갈라져 뒤로 젖혀지고 겉에 털이 빽빽이 나며 꽃 밑에는 잎처럼 생긴 포가 마주난다.
포는 타원 모양이거나 달걀 모양이고 길이 1~2cm이다. 수술 5개, 암술 1개이며 열매는 장과로서 둥글며 10~11월에 검게 익는다. 한국 · 일본 · 중국에 분포한다.",http://www.forest.go.kr/images/data/down/story/mok1-180.jpg,http://www.forest.go.kr/images/data/down/story/mok2-180.jpg
168,9,고추나무,"산골짜기, 냇가",쌍떡잎식물 무환자나무목 : 고추나무과의 낙엽 관목,"높이 3~5m이며 가지는 둥글며 잿빛을 띤 녹색이다. 잎은 마주나고 작은잎은 3개로 달걀 모양 또는 달걀 모양 바소꼴이고 가장자리에 바늘 모양의 잔 톱니가 있으며 잎자루는 길이 2~3cm이다. 5~6월에 가지 끝에 흰꽃이 원추꽃차례로 피며 꽃차례는 길이 5~8cm이다. 꽃받침 · 꽃잎 · 수술은 각각 5개이고, 암술은 1개이며 위쪽에서 2개로 갈라지고 각각 1개의 암술대가 있다. 열매는 삭과로 부풀어오른 반원형이며 윗부분이 2개로 갈라지고 9~10월에 익는다. 씨방은 2실이며 각각 1~2개의 종자가 들어 있고 종자는 달걀을 거꾸로 세운 모양으로 약간 납작하고 광택이 있는 노란색이다. 한국 · 일본 · 중국 등지에 분포한다. ",http://www.forest.go.kr/images/data/down/story/mok2-18.jpg,http://www.forest.go.kr/images/data/down/story/mok1-18.jpg
169,90,참죽나무,산지의 숲 속 ,쌍떡잎식물 이판화군 쥐손이풀목 : 멀구슬나무과의 낙엽교목,"높이 20m에 달하고 독특한 냄새가 난다. 줄기는 얕게 갈라지며 붉은색이고 가지는 굵고 적갈색이다. 잎은 어긋나고 깃꼴겹잎이며 작은잎은 10~20개이고 바소꼴 또는 긴 타원형이며 가장자리에 톱니가 없는 것도 있다.  
꽃은 6월에 피고 흰색이며 종처럼 생기고 양성화로 원추레꽃차례에 달리며 꽃받침조각 · 꽃잎 · 수술  및 헛수술은 5개씩이고 암술은 1개이다. 열매는 삭과로 긴 타원형이고 길이 2.5cm이며 5개로 갈라지고 밑부분은 합쳐진다. 종자는 타원형으로 10월에 익으며 윗부분에 긴 날개가 있어 열매가 벌어짐과 동시에 사방으로 흩어진다. ",http://www.forest.go.kr/images/data/down/story/mok1-182.jpg,http://www.forest.go.kr/images/data/down/story/mok2-182.jpg
170,91,철쭉,산지        ,쌍떡잎식물 합판화군 진달래목 : 진달래과의 낙엽관목,"높이 2~5m이고 어린 가지에 선모가 있으나 점차 없어진다. 잎은 어긋나지만 가지 끝에서는 돌려 난 것 같이 보이고 거꾸로 선 달걀 모양으로 끝은 둥글거나 다소 파이며 가장자리가 밋밋하다. 표면은 녹색으로  처음에는 털이 있으나 차츰 없어지며 뒷면은 연한 녹색으로 잎맥 위에 털이 있다. 
꽃은 5월에  피고 연분홍색이며 3~7개씩 가지 끝에 산형꽃차례를 이룬다. 꽃받침은 작은 꽃줄기와 더불어 선모가 있다. 화관은 깔때기 모양이고 5개로 갈라지며 위쪽 갈래 조각에 적갈색 반점이 있다. 수술은 10개, 암술은 1개이며 씨방에 선모가 있다. 열매는 삭과로 달걀 모양의 타원형이고 길이 1.5cm정도로 선모가 있으며 10월에 익는다. 한국 · 중국 · 우수리 등지에 분포한다.",http://www.forest.go.kr/images/data/down/story/mok1-184.jpg,http://www.forest.go.kr/images/data/down/story/mok2-184.jpg
171,92,청미래덩굴,산이나 들 ,외떡잎식물 백합목 : 백합과의 낙엽 덩굴식물,"굵고 딱딱한 뿌리 줄기가 꾸불꾸불 옆으로 길게 벋어가며 줄기는 마디마다 굽으면서 2m내외로 자라고 갈고리 같은 가시가 있다. 잎은 어긋나고 원형 · 넓은 달걀 모양 또는 넓은 타원형이며 두껍고 윤기가 난다.
꽃은 단성화로 황록색이며 5월에 산형꽃차례를 이룬다. 열매는 둥글며 9~10월에 붉은색으로 익는다. 한국 · 일본 · 중국 · 필리핀 · 인도차이나 등지에 분포한다.",http://www.forest.go.kr/images/data/down/story/mok1-186.jpg,http://www.forest.go.kr/images/data/down/story/mok2-186.jpg
172,93,측백나무,산이나 들 ,겉씨식물 구과식물아강 구과목 : 측백나무과의 상록교목,"높이 25m, 지름 1m에 달하지만 관목상이며 작은 가지가 수직으로 벌어지며 비늘 모양의 잎이 뾰족하고 가지를 가운데 두고 서로 어긋나게 달리며 잎의 앞면과 뒷면의 구별이 거의 없고 흰색 점이 약간 있다.
꽃은 4월에 피고 1가화이며 수꽃은 전년 가지의 끝에 1개씩 달리고 10개의 비닐조각과 2~4개의 꽃밥이 들어있다. 암꽃은 8개의 실편과 6개의 밑씨가 있다. 열매는 구과로 원형이며 길이 1.5~2cm로 9~10월에 익고, 첫째 1쌍의 실편에는 종자가 들어있지 않다. 한국(단양 · 양양 · 울진) · 중국에 분포한다. ",http://www.forest.go.kr/images/data/down/story/mok1-188.jpg,http://www.forest.go.kr/images/data/down/story/mok2-188.jpg
173,94,층층나무,산지의 계곡 숲 속,쌍떡잎식물 이판화군 산형화목 : 층층나무과의 낙엽교목,"높이 20m에 달하며, 가지가 층층으로 달려서 수평으로 퍼지며 작은가지는 겨울에 짙은 홍자색으로 물들고, 봄에 가지를 자르면 물이 흐른다. 잎은 어긋나고 넓은 타원형이며 끝이 뾰족하며 잎 가장자리가 밋밋하고 측맥이 5~8줄이고 잎자루가 붉으며 잎 뒷면은 흰색이며 잎의 양면에 미세한 털이 있으며 꽃은 5~6월에 피고 흰색이며 산방꽃차례를 이룬다. 
꽃잎은 넓은 바소꼴로 꽃받침통과 더불어 겉에 털이 있으며, 수술은 4개이고 꽃밥이 T형으로 달리며 암술은 1개이다. 열매는 핵과로 둥글며 자흑색으로 익는다. 한국 · 일본 · 중국에 분포한다.",http://www.forest.go.kr/images/data/down/story/mok1-190.jpg,http://www.forest.go.kr/images/data/down/story/mok2-190.jpg
174,95,함박꽃나무,산골짜기의 숲속,쌍떡잎식물 미나리아재비목 : 목련과의 낙엽소교목,"높이 7m로 원줄기와 함께 옆에서 많은 줄기가 올라와 군생하며 가지는 잿빛과 노란빛이 도는 갈색이며 어린 가지와 겨울눈에 눈털이 있다. 잎은 어긋나고 달걀을 거꾸로 세운 듯한 모양의 긴 타원형이다. 
잎 끝이 급히 뾰족해지며 가장자리가 밋밋하고 뒷면은 회색빛이 도는 녹색으로 맥위에 털이 있다. 꽃은 5~6월에 흰색의 양성으로 피고 잎이 난 다음 밑을 향하여 달리며 향기가 있다. 꽃은 지름 7~10cm로서 꽃잎은 6~9개이고 수술은 붉은빛이 돌며 꽃밥은 밝은 홍색이다. 열매는 타원형 골돌과로 길이 3~4cm로 9월에 익으면 실에 매달린 종자가 나온다. 한국 · 일본 · 중국 동북부에 분포한다.",http://www.forest.go.kr/images/data/down/story/mok1-192.jpg,http://www.forest.go.kr/images/data/down/story/mok2-192.jpg
175,96,향나무,산골짜기의 숲속 ,겉씨식물 구과식물아강 구과목 : 측백나무과의 상록교목 ,"높이는 약 20m까지 자라며 새로 돋아나는 가지는 녹색이고 3년생 가지는 검은 갈색이며 7~8년생부터 비늘 같은 부드러운 잎이 달리지만 새싹에서는 잎사귀에 날카로운 침이 달려있다. 잎은 마주나거나 돌려나며 어릴때는 짧고 끝이 날카로운 바늘잎이 대부분이며 5년이상 지나면 바늘잎 이외에 찌르지 않는 바늘이 생긴다.
꽃은 단성화이며 수꽃은 황색으로 가지 끝에서 긴 타원형을 이루고 4월과 5월에 피며, 암꽃은 교대로 마주달린 비늘조각 안에 달리며 열매는 구과로 원형이며 흑자색으로 지름 6~8cm이다. 성숙하면 비늘조각은 육질로 되어 핵과 비슷하게 되고 2~4개의 종자가 들어 있고 다음해 9~10월에 익는다. 한국 · 일본 · 중국 및 몽골에 분포한다.",http://www.forest.go.kr/images/data/down/story/mok1-194.jpg,http://www.forest.go.kr/images/data/down/story/mok2-194.jpg
176,97,호두나무,산골짜기의 숲속,가래나무과의 낙엽교목,"높이 20m에 달하고 가지는 굵으며 사방으로 퍼지며 수피는 회백색이며 세로로 깊게 갈라진다. 잎은 어긋나고 우상복엽이며 5~7개의 작은잎으로 되어 있다. 작은잎은 타원형이고 윗쪽의 것일수록 크고 가장자리는 밋밋하거나 뚜렷하지 않은 톱니가 있다. 
꽃은 4~5월에 피고 1가화이며 수꽃은 미상꽃차례로 달리고 6~30개의 수술이 있으며 암꽃은 1~3개가 수상꽃차례로 달린다. 열매는 둥글고 털이 없으며 핵은 도란형이고 연한 갈색이며 봉선을 따라 주름살과 파진 골이 있다.",http://www.forest.go.kr/images/data/down/story/mok1-196.jpg,http://www.forest.go.kr/images/data/down/story/mok2-196.jpg
177,98,호랑버들,산골짜기의 숲속  ,버드나무과의 낙엽소교목,"높이 3m에 달하고 잔가지에 2~4개의 날개가 있다. 잎은 마주달리고 짧은 잎자루가 있으며, 타원형 또는 달걀을 거꾸로 세운 모양으로 가장자리에 잔 톱니가 있고 털이 없다.  
꽃은 5월에 피고 황록색이며 취산꽃차례로 달리며 꽃이삭은 잎겨드랑이에서 나온다. 꽃받침조각 &middot; 꽃잎 및 수술은 4개씩이고 씨방은 1~2실이다. 열매는 10월에 결실하며 삭과로 적색으로 익고 종자는 황적색 종의로 싸이며 백색이다. 한국 &middot; 일본 &middot; 사할린 &middot; 중국에 분포한다.",http://www.forest.go.kr/images/data/down/story/mok1-198.jpg,http://www.forest.go.kr/images/data/down/story/mok2-198.jpg
178,99,황벽나무,산지    ,쌍떡잎식물 쥐손이풀목 : 운향과의 낙엽교목,높이 20m에 달하고 나무껍질에 연한 회색으로 코르크가 발달하여 깊은 홈이 진다. 잎은 마주달리고 홀수깃꼴겹잎이다. 꽃은 6월에 피고 원추꽃차례로 달리며 2가화이다. 열매는 핵과로 7~10월에 둥글고 검게 익으며 겨울에도 달려 있다. 한국 · 일본 · 중국 · 아무르 등지에 분포한다.,http://www.forest.go.kr/images/data/down/story/mok1-200.jpg,http://www.forest.go.kr/images/data/down/story/mok2-200.jpg
